feature_id,feature_name,category,summary,purpose,owner_volume,supporting_volumes,implementation_status,release_stage,priority,initial_release_required,groundwork_required_now,platform_availability,edition_availability,dependencies,risk_level,safety_classification,UX_location,API_or_service_owner,acceptance_summary,design_evidence,implementation_evidence,test_evidence,release_evidence,blocker,tentative_start_window,tentative_completion_window,timeline_confidence,release_history,replacement_feature,deprecation_notes
FEAT-0001,Founder/Customer edition boundary,01 Product foundation,Structural separation between the private Founder Edition and the commercially distributed Customer Edition.,Prevent any Founder-only asset from ever shipping inside a customer build.,DS-015,DS-004;DS-008,Designed,Stage 1 -- Local Technical Foundation,Critical,Yes,Groundwork Required Now,Windows;Web;iOS;Android,Founder;Customer,,High,Deterministic-Authoritative,N/A (build/repository level),"Build pipeline (application build system, TBD)",No customer build artifact contains a Founder-tagged asset.,DS-015 skeleton Section 7.2 (Repository Boundary Model) and 7.3 (Build-Time Exclusion Mechanism),None,None,None -- not released,None,Now,Stage 1,Medium,Created in Product Expansion foundation pass (2026-07-25),,
FEAT-0002,Repository boundary and build exclusion,01 Product foundation,"Mechanism (build target, path exclusion, or submodule) that keeps Founder-only code out of customer artifacts.","Make the edition boundary mechanically enforced, not policy-only.",DS-015,DS-004,Planned,Stage 1 -- Local Technical Foundation,Critical,Yes,Groundwork Required Now,Windows;Web;iOS;Android,Founder;Customer,,High,Deterministic-Authoritative,TBD,TBD,A customer build produced by the build pipeline contains zero files/assets tagged Founder-only; a CI check that scans a customer artifact for Founder-only markers fails the build if any are found.,DS-015 skeleton Section 7.3 (Build-Time Exclusion Mechanism); DS-015 Section 13 (Known Risks -- CI leak-scan mitigation),None,None,None -- not released,None,Stage 1,Stage 3,Low,Created in Product Expansion foundation pass (2026-07-25); Initial-release status repair (2026-07-26): reclassified Idea -> Planned. Reason: Repository/build exclusion is a hard prerequisite for any customer build to exist at all; must be Planned no later than Stage 1-3 groundwork so Stage 4/5 customer builds are provably Founder-asset-free.,,
FEAT-0003,Deterministic execution authority (core),01 Product foundation,The existing TradeValidationPipeline / Risk Engine authority already established in DS-004/DS-008/ADR-002.,Anchor every expansion feature to the same non-bypassable deterministic core.,DS-004,DS-008;DS-002,Designed,Stage 1 -- Local Technical Foundation,Critical,Yes,Can Be Added Later Without Current Architectural Work,Windows;Web;iOS;Android,Founder;Customer,,Low,Deterministic-Authoritative,N/A,backend/app (TradeValidationPipeline),"No expansion feature can submit an order that bypasses the canonical TradeValidationPipeline once it is implemented; until then, this row tracks the design commitment only.",ARCHITECTURE.md Section 14 (Canonical Trade Validation Pipeline); ARCHITECTURE.md Section 17 (Risk Engine); ADR-002,"None -- backend/app/backtesting/validation and backend/app/backtesting/execution are backtest-simulation-only (see backend/app/backtesting/__init__.py docstring: ""Simulation only ... nothing here is, or feeds, a real broker/execution path""); no TradeValidationPipeline/RiskEngine implementation exists in backend/ yet.","None -- tests/test_backtest_validation.py tests walk-forward/date-partition validation for backtesting only, not the live deterministic execution pipeline.",None -- not released,None,Complete,Complete,High,Created in Product Expansion foundation pass (2026-07-25),,
FEAT-0004,Complete Features System governance,01 Product foundation,"The feature catalog, registry, and matrices under docs/features/ that this foundation pass creates.","Give every current and future feature a single, machine-checkable source of truth.",DS-022,DS-015;DS-016;DS-019;DS-020;DS-021;DS-023,In Development,Stage 0 -- Codex and Architecture,High,No,Groundwork Required Now,N/A,N/A,,Medium,Informational,N/A (documentation/governance),N/A,Every feature has exactly one primary owner volume and a resolvable release stage.,docs/features/FEATURE_GOVERNANCE.md,None,None,None -- not released,None,Now,Stage 0,High,Created in Product Expansion foundation pass (2026-07-25),,
FEAT-0005,Account creation and authentication,02 User accounts and onboarding,"Customer account signup, login, and session management.","Give a customer a durable, secure identity for the Customer Edition.",DS-002,DS-021,Planned,Stage 4 -- Customer Cloud Beta,Critical,Yes,Can Be Added Later Without Current Architectural Work,Windows;Web;iOS;Android,Founder;Customer,,High,Deterministic-Authoritative,Web / mobile onboarding flow,"backend/app/api (auth, TBD)",No account can be created without verified contact information.,Not Yet Designed,None,None,None -- not released,None,Stage 4,Stage 5,Medium,Created in Product Expansion foundation pass (2026-07-25),,
FEAT-0006,Onboarding flow,02 User accounts and onboarding,"First-run guided setup: connect market data, paper account, first watchlist.",Reduce time-to-first-value for a new customer.,DS-022,DS-002,Planned,Stage 5 -- Initial Commercial Release,High,Yes,Can Be Added Later Without Current Architectural Work,Windows;Web;iOS;Android,Founder;Customer,,Low,N/A,Desktop/web/mobile first-run wizard,TBD,A new user reaches a populated watchlist and paper account within one guided session.,Not Yet Designed,None,None,None -- not released,None,TBD,TBD,Low,Created in Product Expansion foundation pass (2026-07-25),,
FEAT-0007,Multi-factor authentication,02 User accounts and onboarding,TOTP/hardware-key MFA for customer accounts.,Protect customer accounts commensurate with financial-data sensitivity.,DS-021,DS-002,Planned,Stage 4 -- Customer Cloud Beta,Critical,Yes,Groundwork Required Now,Windows;Web;iOS;Android,Founder;Customer,,High,Deterministic-Authoritative,Account security settings,TBD,MFA is offered at signup and enforceable per account policy.,Not Yet Designed,None,None,None -- not released,None,TBD,TBD,Low,Created in Product Expansion foundation pass (2026-07-25),,
FEAT-0008,Device trust and revocation,02 User accounts and onboarding,"Register, verify, and revoke trusted devices per account.",Contain account compromise to a single device.,DS-021,,Idea,Stage 4 -- Customer Cloud Beta,High,No,Groundwork Required Now,Windows;Web;iOS;Android,Founder;Customer,FEAT-0007,Medium,Deterministic-Authoritative,TBD,TBD,"A device can be registered, listed, and revoked by the account owner; a revoked device's existing session is invalidated within one refresh cycle.",Not Yet Designed,None,None,None -- not released,None,TBD,TBD,Low,Created in Product Expansion foundation pass (2026-07-25),,
FEAT-0009,Real-time and historical quote/candle retrieval,03 Market data,Core market-data provider abstraction and ingestion.,"Feed every downstream feature (charts, scanner, backtesting) from one authoritative data path.",DS-002,DS-004,Tested,Stage 1 -- Local Technical Foundation,Critical,Yes,Can Be Added Later Without Current Architectural Work,Windows;Web;iOS;Android,Founder;Customer,,Medium,Deterministic-Authoritative,TBD,backend/app/market_data,"A chart or scan requesting a symbol/timeframe receives data through the single provider-abstraction path, with a defined freshness SLA and an explicit stale-data signal when breached.",Not Yet Designed,backend/app/market_data (providers/),tests/test_market_data_freshness.py; tests/test_market_data_normalization.py; tests/test_market_data_provider_stooq.py; tests/test_market_data_rate_limit.py; tests/test_market_data_transport.py,None -- not released,None,Complete,Complete,High,Created in Product Expansion foundation pass (2026-07-25),,
FEAT-0010,U.S. stocks and ETFs data coverage,03 Market data,Asset-class data coverage for the initial release universe.,Cover the Stage 5 initial-release asset scope.,DS-002,,In Development,Stage 5 -- Initial Commercial Release,Critical,Yes,Can Be Added Later Without Current Architectural Work,Windows;Web;iOS;Android,Founder;Customer,,Low,Deterministic-Authoritative,TBD,TBD,Every symbol in the initial-release U.S. stock/ETF universe returns valid OHLC data through at least one configured provider.,Not Yet Designed,backend/app/market_data,tests/test_market_data_provider_stooq.py,None -- not released,None,TBD,TBD,Medium,Created in Product Expansion foundation pass (2026-07-25),,
FEAT-0011,Selected options intelligence (data),03 Market data,Options chain/greeks data sufficient for selected initial-release options intelligence.,Support the Stage 5 boundary's selected-options-intelligence commitment without full options-market parity.,DS-002,,Planned,Stage 5 -- Initial Commercial Release,High,Yes,Groundwork Required Now,Windows;Web;iOS;Android,Founder;Customer,,Medium,Deterministic-Authoritative,TBD,TBD,"Options chain and Greeks data is available for the selected initial-release symbol subset with a documented freshness SLA; unsupported symbols return an explicit not-covered state, never fabricated data.",Not Yet Designed,None,None,None -- not released,Options data provider not yet selected,TBD,TBD,Low,Created in Product Expansion foundation pass (2026-07-25),,
FEAT-0012,Crypto observation and paper trading (data),03 Market data,Read-only/paper crypto market data.,Extend asset-class roadmap without live crypto execution risk at launch.,DS-002,,Future,Stage 6 -- Advanced Trading Expansion,Low,No,Can Be Added Later Without Current Architectural Work,Windows;Web;iOS;Android,Founder;Customer,,Low,Deterministic-Authoritative,TBD,TBD,Crypto data is observable and usable in paper trading; no live crypto order can be submitted through any code path at initial release.,Not Yet Designed,None,None,None -- not released,None,TBD,TBD,Low,Created in Product Expansion foundation pass (2026-07-25),,
FEAT-0013,Futures data coverage,03 Market data,Futures market data as a future asset class.,Long-term asset-class roadmap.,DS-002,,Future,Stage 7 -- Platform and TradingView-Style Expansion,Low,No,Can Be Added Later Without Current Architectural Work,Windows;Web;iOS;Android,Founder;Customer,,Low,N/A,TBD,TBD,TBD -- requirement not yet fully drafted,Not Yet Designed,None,None,None -- not released,None,TBD,TBD,Low,Created in Product Expansion foundation pass (2026-07-25),,
FEAT-0014,Forex data coverage,03 Market data,Forex market data as a future asset class.,Long-term asset-class roadmap.,DS-002,,Future,Stage 7 -- Platform and TradingView-Style Expansion,Low,No,Can Be Added Later Without Current Architectural Work,Windows;Web;iOS;Android,Founder;Customer,,Low,N/A,TBD,TBD,TBD -- requirement not yet fully drafted,Not Yet Designed,None,None,None -- not released,None,TBD,TBD,Low,Created in Product Expansion foundation pass (2026-07-25),,
FEAT-0015,International equities data coverage,03 Market data,Non-U.S. equity market data as a future asset class.,Long-term asset-class roadmap.,DS-002,,Future,Stage 8 -- Strategy Ecosystem and Private Collaboration,Low,No,Can Be Added Later Without Current Architectural Work,Windows;Web;iOS;Android,Founder;Customer,,Low,N/A,TBD,TBD,TBD -- requirement not yet fully drafted,Not Yet Designed,None,None,None -- not released,None,TBD,TBD,Low,Created in Product Expansion foundation pass (2026-07-25),,
FEAT-0016,Bonds and fixed income data coverage,03 Market data,Fixed-income market data as a future asset class.,Long-term asset-class roadmap.,DS-002,,Idea,"Stage 9 -- Marketplace, Global, and Institutional Expansion",Low,No,Decision Pending,Windows;Web;iOS;Android,Founder;Customer,,Low,N/A,TBD,TBD,TBD -- requirement not yet fully drafted,Not Yet Designed,None,None,None -- not released,None,TBD,TBD,Low,Created in Product Expansion foundation pass (2026-07-25),,
FEAT-0017,Macroeconomic datasets,03 Market data,"Macro indicator datasets (rates, employment, inflation) for research/context.",Support research/news and Sage context beyond single-symbol data.,DS-002,,Idea,Stage 8 -- Strategy Ecosystem and Private Collaboration,Low,No,Decision Pending,Windows;Web;iOS;Android,Founder;Customer,,Low,N/A,TBD,TBD,TBD -- requirement not yet fully drafted,Not Yet Designed,None,None,None -- not released,None,TBD,TBD,Low,Created in Product Expansion foundation pass (2026-07-25),,
FEAT-0018,On-chain data,03 Market data,Blockchain-derived data for crypto research.,Long-term ecosystem depth for crypto observation.,DS-002,,Idea,"Stage 9 -- Marketplace, Global, and Institutional Expansion",Low,No,Decision Pending,Windows;Web;iOS;Android,Founder;Customer,,Low,N/A,TBD,TBD,TBD -- requirement not yet fully drafted,Not Yet Designed,None,None,None -- not released,None,TBD,TBD,Low,Created in Product Expansion foundation pass (2026-07-25),,
FEAT-0019,Broader asset identifier model,03 Market data,"Symbol/identifier schema general enough to cover equities, options, futures, forex, crypto.",Avoid an equities-only identifier model that blocks later asset classes.,DS-005,DS-004,Idea,Stage 1 -- Local Technical Foundation,High,No,Groundwork Required Now,Windows;Web;iOS;Android,Founder;Customer,,Medium,Deterministic-Authoritative,TBD,TBD,"A single identifier schema resolves equities, options, futures, forex, and crypto instruments without a breaking schema change when a new asset class is added.",Not Yet Designed,None,None,None -- not released,None,TBD,TBD,Medium,"Created in Product Expansion foundation pass (2026-07-25) Second independent-audit repair (2026-07-26): status corrected Designed -> Idea (design_evidence already correctly stated 'Not Yet Designed'; no approved identifier-schema design or code -- shared/models/ has no Symbol/Instrument/AssetIdentifier class -- exists in the repository, so Designed was self-contradictory).",,
FEAT-0020,Professional candlestick charts,04 Charts and drawings,Core OHLC/candlestick charting surface.,Primary price-visualization tool.,DS-002,DS-007;DS-022,Planned,Stage 2 -- Usable Paper-Trading Alpha,Critical,Yes,Can Be Added Later Without Current Architectural Work,Windows;Web;iOS;Android,Founder;Customer,,Low,Deterministic-Authoritative,Desktop chart panel,TBD,A user can open a candlestick chart for any covered symbol/timeframe and see OHLC bars rendered correctly against source data.,Not Yet Designed,None,None,None -- not released,None,TBD,TBD,Medium,Created in Product Expansion foundation pass (2026-07-25),,
FEAT-0021,Indicator panes,04 Charts and drawings,Sub-panes for oscillators/volume beneath the main price pane.,Support multi-indicator analysis.,DS-002,,Planned,Stage 2 -- Usable Paper-Trading Alpha,High,Yes,Can Be Added Later Without Current Architectural Work,Windows;Web;iOS;Android,Founder;Customer,,Low,N/A,TBD,TBD,A user can add/remove at least one oscillator/volume indicator pane beneath the main price pane without breaking the price pane's rendering.,Not Yet Designed,None,None,None -- not released,None,TBD,TBD,Low,Created in Product Expansion foundation pass (2026-07-25),,
FEAT-0022,Saved chart layouts,04 Charts and drawings,Persist a chart's symbol/indicator/drawing configuration.,Avoid re-configuring charts every session.,DS-002,,Planned,Stage 3 -- Founder Workstation Beta,Medium,No,Groundwork Required Now,Windows;Web;iOS;Android,Founder;Customer,,Low,N/A,TBD,TBD,"A saved chart layout restores the exact symbol, indicator set, and drawing configuration it was saved with when reopened.",Not Yet Designed,None,None,None -- not released,None,TBD,TBD,Low,Created in Product Expansion foundation pass (2026-07-25),,
FEAT-0023,Chart templates,04 Charts and drawings,Reusable named chart configurations applicable to any symbol.,Speed up repeated analysis workflows.,DS-002,,Idea,Stage 6 -- Advanced Trading Expansion,Medium,No,Can Be Added Later Without Current Architectural Work,Windows;Web;iOS;Android,Founder;Customer,,Low,N/A,TBD,TBD,TBD -- requirement not yet fully drafted,Not Yet Designed,None,None,None -- not released,None,TBD,TBD,Low,Created in Product Expansion foundation pass (2026-07-25),,
FEAT-0024,Multi-chart layouts,04 Charts and drawings,Multiple chart panes visible simultaneously.,Support cross-symbol comparison.,DS-002,DS-022,Idea,Stage 7 -- Platform and TradingView-Style Expansion,Medium,No,Groundwork Required Now,Windows;Web;iOS;Android,Founder;Customer,,Low,N/A,TBD,TBD,TBD -- requirement not yet fully drafted,Not Yet Designed,None,None,None -- not released,None,TBD,TBD,Low,Created in Product Expansion foundation pass (2026-07-25),,
FEAT-0025,Synchronized symbols across charts,04 Charts and drawings,Changing the symbol in one pane updates linked panes.,Speed up multi-chart workflows.,DS-002,DS-022,Idea,Stage 7 -- Platform and TradingView-Style Expansion,Low,No,Groundwork Required Now,Windows;Web;iOS;Android,Founder;Customer,FEAT-0024,Low,N/A,TBD,TBD,TBD -- requirement not yet fully drafted,Not Yet Designed,None,None,None -- not released,None,TBD,TBD,Low,Created in Product Expansion foundation pass (2026-07-25),,
FEAT-0026,Synchronized crosshairs,04 Charts and drawings,Crosshair position mirrored across linked charts.,Support precise multi-symbol timing comparison.,DS-002,DS-022,Idea,Stage 7 -- Platform and TradingView-Style Expansion,Low,No,Groundwork Required Now,Windows;Web;iOS;Android,Founder;Customer,FEAT-0024,Low,N/A,TBD,TBD,TBD -- requirement not yet fully drafted,Not Yet Designed,None,None,None -- not released,None,TBD,TBD,Low,Created in Product Expansion foundation pass (2026-07-25),,
FEAT-0027,Multi-monitor workspaces,04 Charts and drawings,Chart/panel layout spanning multiple monitors.,Support professional multi-monitor trading desks.,DS-002,DS-022,Idea,Stage 8 -- Strategy Ecosystem and Private Collaboration,Low,No,Groundwork Required Now,Windows,Founder;Customer,,Low,N/A,TBD,TBD,TBD -- requirement not yet fully drafted,Not Yet Designed,None,None,None -- not released,None,TBD,TBD,Low,Created in Product Expansion foundation pass (2026-07-25),,
FEAT-0028,"Advanced chart types (Heikin-Ashi, Renko, etc.)",04 Charts and drawings,Non-OHLC chart rendering styles.,Match trader analysis preferences.,DS-002,DS-022,Future,Stage 7 -- Platform and TradingView-Style Expansion,Low,No,Can Be Added Later Without Current Architectural Work,Windows;Web;iOS;Android,Founder;Customer,,Low,N/A,TBD,TBD,TBD -- requirement not yet fully drafted,Not Yet Designed,None,None,None -- not released,None,TBD,TBD,Low,Created in Product Expansion foundation pass (2026-07-25),,
FEAT-0029,Chart-layout synchronization (cloud),04 Charts and drawings,A saved layout follows the user across devices.,Consistent experience across desktop/web/mobile.,DS-017,DS-022,Idea,Stage 7 -- Platform and TradingView-Style Expansion,Low,No,Groundwork Required Now,Windows;Web;iOS;Android,Founder;Customer,FEAT-0022,Low,N/A,TBD,TBD,TBD -- requirement not yet fully drafted,Not Yet Designed,None,None,None -- not released,None,TBD,TBD,Low,Created in Product Expansion foundation pass (2026-07-25),,
FEAT-0030,Chart snapshots,04 Charts and drawings,Export a chart view as an image for journaling/sharing.,Preserve visual context for a trade decision.,DS-002,DS-022,Idea,Stage 6 -- Advanced Trading Expansion,Medium,No,Can Be Added Later Without Current Architectural Work,Windows;Web;iOS;Android,Founder;Customer,,Low,N/A,TBD,TBD,TBD -- requirement not yet fully drafted,Not Yet Designed,None,None,None -- not released,None,TBD,TBD,Low,Created in Product Expansion foundation pass (2026-07-25),,
FEAT-0031,Chart-based order placement,04 Charts and drawings,Place/adjust an order by interacting directly with the chart.,"Faster, visual order entry.",DS-022,DS-016,Idea,Stage 6 -- Advanced Trading Expansion,Medium,No,Groundwork Required Now,Windows;Web;iOS;Android,Founder;Customer,,Medium,Deterministic-Authoritative,TBD,TBD,An order ticket pre-filled from a chart click matches the clicked price/time and still passes through the same deterministic validation as a manually-typed order.,Not Yet Designed,None,None,None -- not released,None,TBD,TBD,Low,Created in Product Expansion foundation pass (2026-07-25),,
FEAT-0032,Draggable stops and targets,04 Charts and drawings,Drag a stop/target line on the chart to adjust an open position's exit plan.,Faster visual exit-plan adjustment.,DS-022,DS-020;DS-016,Idea,Stage 6 -- Advanced Trading Expansion,Medium,No,Groundwork Required Now,Windows;Web;iOS;Android,Founder;Customer,FEAT-0031,Medium,Deterministic-Authoritative,TBD,TBD,A dragged stop/target still passes through deterministic validation before taking effect.,Not Yet Designed,None,None,None -- not released,None,TBD,TBD,Low,Created in Product Expansion foundation pass (2026-07-25),,
FEAT-0033,Trend lines,04 Charts and drawings,Basic trend-line drawing tool.,Core technical-analysis annotation.,DS-002,DS-022,Planned,Stage 3 -- Founder Workstation Beta,High,No,Groundwork Required Now,Windows;Web;iOS;Android,Founder;Customer,,Low,N/A,TBD,TBD,A trend line drawn between two points remains anchored to those price/time coordinates across chart pans/zooms and persists across a session reload.,Not Yet Designed,None,None,None -- not released,None,TBD,TBD,Low,Created in Product Expansion foundation pass (2026-07-25),,
FEAT-0034,Horizontal and vertical levels,04 Charts and drawings,Fixed price/time level lines.,Mark support/resistance/time events.,DS-002,DS-022,Planned,Stage 3 -- Founder Workstation Beta,High,No,Groundwork Required Now,Windows;Web;iOS;Android,Founder;Customer,,Low,N/A,TBD,TBD,A horizontal/vertical level line remains anchored to its configured price/time value across chart pans/zooms and persists across a session reload.,Not Yet Designed,None,None,None -- not released,None,TBD,TBD,Low,Created in Product Expansion foundation pass (2026-07-25),,
FEAT-0035,Channels,04 Charts and drawings,Parallel trend-line channel drawing.,Visualize price ranges.,DS-002,DS-022,Idea,Stage 6 -- Advanced Trading Expansion,Medium,No,Groundwork Required Now,Windows;Web;iOS;Android,Founder;Customer,,Low,N/A,TBD,TBD,TBD -- requirement not yet fully drafted,Not Yet Designed,None,None,None -- not released,None,TBD,TBD,Low,Created in Product Expansion foundation pass (2026-07-25),,
FEAT-0036,Fibonacci tools,04 Charts and drawings,Fibonacci retracement/extension drawing tools.,Common technical-analysis tool.,DS-002,DS-022,Idea,Stage 6 -- Advanced Trading Expansion,Medium,No,Groundwork Required Now,Windows;Web;iOS;Android,Founder;Customer,,Low,N/A,TBD,TBD,TBD -- requirement not yet fully drafted,Not Yet Designed,None,None,None -- not released,None,TBD,TBD,Low,Created in Product Expansion foundation pass (2026-07-25),,
FEAT-0037,Support and resistance (drawing),04 Charts and drawings,Manual/assisted support-resistance line drawing.,Core technical-analysis annotation.,DS-002,DS-022,Idea,Stage 6 -- Advanced Trading Expansion,Medium,No,Groundwork Required Now,Windows;Web;iOS;Android,Founder;Customer,,Low,N/A,TBD,TBD,TBD -- requirement not yet fully drafted,Not Yet Designed,None,None,None -- not released,None,TBD,TBD,Low,Created in Product Expansion foundation pass (2026-07-25),,
FEAT-0038,Anchored VWAP,04 Charts and drawings,VWAP anchored to a user-chosen starting point.,Popular intraday/swing analysis tool.,DS-002,DS-022,Idea,Stage 7 -- Platform and TradingView-Style Expansion,Medium,No,Groundwork Required Now,Windows;Web;iOS;Android,Founder;Customer,,Low,N/A,TBD,TBD,TBD -- requirement not yet fully drafted,Not Yet Designed,None,None,None -- not released,None,TBD,TBD,Low,Created in Product Expansion foundation pass (2026-07-25),,
FEAT-0039,Risk/reward tools (drawing),04 Charts and drawings,Visual risk/reward ratio drawing overlay tied to entry/stop/target.,Help a trader see the risk/reward of a plan before submitting it.,DS-022,DS-020,Idea,Stage 6 -- Advanced Trading Expansion,High,No,Groundwork Required Now,Windows;Web;iOS;Android,Founder;Customer,,Low,Informational,TBD,TBD,TBD -- requirement not yet fully drafted,Not Yet Designed,None,None,None -- not released,None,TBD,TBD,Low,Created in Product Expansion foundation pass (2026-07-25),,
FEAT-0040,Long-position planner,04 Charts and drawings,Drawing overlay for planning a long entry/stop/target.,Visual trade planning.,DS-022,DS-020,Idea,Stage 6 -- Advanced Trading Expansion,High,No,Groundwork Required Now,Windows;Web;iOS;Android,Founder;Customer,,Low,Informational,TBD,TBD,TBD -- requirement not yet fully drafted,Not Yet Designed,None,None,None -- not released,None,TBD,TBD,Low,Created in Product Expansion foundation pass (2026-07-25),,
FEAT-0041,Short-position planner,04 Charts and drawings,Drawing overlay for planning a short entry/stop/target.,Visual trade planning.,DS-022,DS-020,Idea,Stage 6 -- Advanced Trading Expansion,High,No,Groundwork Required Now,Windows;Web;iOS;Android,Founder;Customer,,Low,Informational,TBD,TBD,TBD -- requirement not yet fully drafted,Not Yet Designed,None,None,None -- not released,None,TBD,TBD,Low,Created in Product Expansion foundation pass (2026-07-25),,
FEAT-0042,Notes and callouts,04 Charts and drawings,Free-text annotation on a chart.,Preserve reasoning directly on the chart.,DS-022,,Idea,Stage 6 -- Advanced Trading Expansion,Low,No,Can Be Added Later Without Current Architectural Work,Windows;Web;iOS;Android,Founder;Customer,,Low,N/A,TBD,TBD,TBD -- requirement not yet fully drafted,Not Yet Designed,None,None,None -- not released,None,TBD,TBD,Low,Created in Product Expansion foundation pass (2026-07-25),,
FEAT-0043,Drawing templates,04 Charts and drawings,Reusable drawing style/configuration presets.,Speed up repeated annotation workflows.,DS-022,,Idea,Stage 7 -- Platform and TradingView-Style Expansion,Low,No,Can Be Added Later Without Current Architectural Work,Windows;Web;iOS;Android,Founder;Customer,,Low,N/A,TBD,TBD,TBD -- requirement not yet fully drafted,Not Yet Designed,None,None,None -- not released,None,TBD,TBD,Low,Created in Product Expansion foundation pass (2026-07-25),,
FEAT-0044,Drawing locking and hiding,04 Charts and drawings,Lock a drawing against accidental edits; hide without deleting.,Protect analysis work.,DS-022,,Idea,Stage 6 -- Advanced Trading Expansion,Low,No,Can Be Added Later Without Current Architectural Work,Windows;Web;iOS;Android,Founder;Customer,,Low,N/A,TBD,TBD,TBD -- requirement not yet fully drafted,Not Yet Designed,None,None,None -- not released,None,TBD,TBD,Low,Created in Product Expansion foundation pass (2026-07-25),,
FEAT-0045,Drawing synchronization (cloud),04 Charts and drawings,Drawings persist and follow the user across devices.,Consistent cross-device analysis.,DS-017,DS-022,Idea,Stage 7 -- Platform and TradingView-Style Expansion,Low,No,Groundwork Required Now,Windows;Web;iOS;Android,Founder;Customer,FEAT-0047,Low,N/A,TBD,TBD,TBD -- requirement not yet fully drafted,Not Yet Designed,None,None,None -- not released,None,TBD,TBD,Low,Created in Product Expansion foundation pass (2026-07-25),,
FEAT-0046,Drawing-based alerts,04 Charts and drawings,Alert when price crosses a user-drawn line/level.,Turn manual analysis into automated monitoring.,DS-002,DS-022,Idea,Stage 6 -- Advanced Trading Expansion,Medium,No,Groundwork Required Now,Windows;Web;iOS;Android,Founder;Customer,,Low,N/A,TBD,TBD,TBD -- requirement not yet fully drafted,Not Yet Designed,None,None,None -- not released,None,TBD,TBD,Low,Created in Product Expansion foundation pass (2026-07-25),,
FEAT-0047,Drawing persistence architecture,04 Charts and drawings,Backend schema/storage for saved drawings.,Groundwork so drawing tools can be added later without a storage-model rewrite.,DS-005,DS-022,Idea,Stage 1 -- Local Technical Foundation,Medium,No,Groundwork Required Now,Windows;Web;iOS;Android,Founder;Customer,,Medium,N/A,TBD,TBD,TBD -- requirement not yet fully drafted,Not Yet Designed,None,None,None -- not released,None,TBD,TBD,Low,Created in Product Expansion foundation pass (2026-07-25),,
FEAT-0048,Multiple watchlists,05 Watchlists,A user can maintain more than one named watchlist.,Organize symbols by strategy/theme.,DS-002,DS-022,Planned,Stage 2 -- Usable Paper-Trading Alpha,High,Yes,Can Be Added Later Without Current Architectural Work,Windows;Web;iOS;Android,Founder;Customer,,Low,N/A,TBD,TBD,"A user can create, rename, delete, and switch between at least two independent named watchlists without symbol cross-contamination.",Not Yet Designed,None,None,None -- not released,None,TBD,TBD,Medium,Created in Product Expansion foundation pass (2026-07-25),,
FEAT-0049,Grouped watchlists,05 Watchlists,Folder/group organization for many watchlists.,Manage a large number of watchlists.,DS-002,DS-022,Idea,Stage 6 -- Advanced Trading Expansion,Low,No,Can Be Added Later Without Current Architectural Work,Windows;Web;iOS;Android,Founder;Customer,,Low,N/A,TBD,TBD,TBD -- requirement not yet fully drafted,Not Yet Designed,None,None,None -- not released,None,TBD,TBD,Low,Created in Product Expansion foundation pass (2026-07-25),,
FEAT-0050,Color labels,05 Watchlists,Color-tag symbols within a watchlist.,Quick visual categorization.,DS-002,DS-022,Idea,Stage 6 -- Advanced Trading Expansion,Low,No,Can Be Added Later Without Current Architectural Work,Windows;Web;iOS;Android,Founder;Customer,,Low,N/A,TBD,TBD,TBD -- requirement not yet fully drafted,Not Yet Designed,None,None,None -- not released,None,TBD,TBD,Low,Created in Product Expansion foundation pass (2026-07-25),,
FEAT-0051,Smart watchlists,05 Watchlists,Rule-based dynamic watchlist membership (e.g. auto-add on a scan condition).,Reduce manual watchlist maintenance.,DS-002,DS-022,Planned,Stage 5 -- Initial Commercial Release,High,Yes,Groundwork Required Now,Windows;Web;iOS;Android,Founder;Customer,FEAT-0048,Low,N/A,TBD,TBD,"A watchlist configured with a rule automatically adds/removes matching symbols within one scan cycle, and a user can see which symbols were rule-added versus manually added.",Not Yet Designed,None,None,None -- not released,None,TBD,TBD,Low,Created in Product Expansion foundation pass (2026-07-25),,
FEAT-0052,Sage-generated watchlists,05 Watchlists,Sage proposes a watchlist based on research/context.,Surface Sage's research value proactively.,DS-018,DS-022,Idea,Stage 6 -- Advanced Trading Expansion,Medium,No,Groundwork Required Now,Windows;Web;iOS;Android,Founder;Customer,FEAT-0123;FEAT-0051,Low,"Advisory (Sage, non-authoritative)",TBD,TBD,TBD -- requirement not yet fully drafted,Not Yet Designed,None,None,None -- not released,None,TBD,TBD,Low,Created in Product Expansion foundation pass (2026-07-25),,
FEAT-0053,Catalyst badges,05 Watchlists,"Visual badge on a watchlist row indicating a pending catalyst (earnings, news).",Surface relevant context at a glance.,DS-002,DS-022,Idea,Stage 6 -- Advanced Trading Expansion,Medium,No,Can Be Added Later Without Current Architectural Work,Windows;Web;iOS;Android,Founder;Customer,,Low,N/A,TBD,TBD,TBD -- requirement not yet fully drafted,Not Yet Designed,None,None,None -- not released,None,TBD,TBD,Low,Created in Product Expansion foundation pass (2026-07-25),,
FEAT-0054,Earnings badges,05 Watchlists,Visual badge indicating upcoming earnings.,Surface relevant context at a glance.,DS-002,DS-022,Idea,Stage 6 -- Advanced Trading Expansion,Medium,No,Can Be Added Later Without Current Architectural Work,Windows;Web;iOS;Android,Founder;Customer,,Low,N/A,TBD,TBD,TBD -- requirement not yet fully drafted,Not Yet Designed,None,None,None -- not released,None,TBD,TBD,Low,Created in Product Expansion foundation pass (2026-07-25),,
FEAT-0055,Broker synchronization (watchlist),05 Watchlists,Import/sync a watchlist from a connected broker account.,Reduce duplicate data entry.,DS-002,DS-022,Idea,Stage 7 -- Platform and TradingView-Style Expansion,Low,No,Can Be Added Later Without Current Architectural Work,Windows;Web;iOS;Android,Founder;Customer,,Low,N/A,TBD,TBD,TBD -- requirement not yet fully drafted,Not Yet Designed,None,None,None -- not released,None,TBD,TBD,Low,Created in Product Expansion foundation pass (2026-07-25),,
FEAT-0056,Watchlist import and export,05 Watchlists,CSV import/export of watchlist contents.,Data portability.,DS-002,DS-022,Idea,Stage 6 -- Advanced Trading Expansion,Low,No,Can Be Added Later Without Current Architectural Work,Windows;Web;iOS;Android,Founder;Customer,,Low,N/A,TBD,TBD,TBD -- requirement not yet fully drafted,Not Yet Designed,None,None,None -- not released,None,TBD,TBD,Low,Created in Product Expansion foundation pass (2026-07-25),,
FEAT-0057,Watchlist-wide alerts,05 Watchlists,Apply one alert condition to every symbol in a watchlist.,Reduce per-symbol alert setup effort.,DS-002,DS-022,Idea,Stage 6 -- Advanced Trading Expansion,Medium,No,Groundwork Required Now,Windows;Web;iOS;Android,Founder;Customer,FEAT-0048,Low,N/A,TBD,TBD,TBD -- requirement not yet fully drafted,Not Yet Designed,None,None,None -- not released,None,TBD,TBD,Low,Created in Product Expansion foundation pass (2026-07-25),,
FEAT-0058,Stock screener,06 Screeners,"User-driven, ad-hoc filter tool for discovering stocks by criteria.",TradingView-style discovery tool distinct from the existing DS-SCN automated Watchtower scanner.,DS-002,DS-022,Planned,Stage 5 -- Initial Commercial Release,High,Yes,Groundwork Required Now,Windows;Web;iOS;Android,Founder;Customer,,Low,N/A,TBD,TBD,"Screener results are clearly presented as a discovery tool, not a Sage recommendation.",Not Yet Designed,None,None,None -- not released,None,TBD,TBD,Low,Created in Product Expansion foundation pass (2026-07-25),,
FEAT-0059,ETF screener,06 Screeners,Screener variant scoped to ETFs.,Cover the initial-release ETF asset class.,DS-002,DS-022,Planned,Stage 5 -- Initial Commercial Release,Medium,Yes,Groundwork Required Now,Windows;Web;iOS;Android,Founder;Customer,,Low,N/A,TBD,TBD,An ETF-scoped screener returns only ETF instruments and supports at least the technical/fundamental filter classes available to the stock screener.,Not Yet Designed,None,None,None -- not released,None,TBD,TBD,Low,Created in Product Expansion foundation pass (2026-07-25),,
FEAT-0060,Options screener,06 Screeners,Screener variant scoped to options contracts.,Support selected options intelligence.,DS-002,DS-022,Blocked,Stage 6 -- Advanced Trading Expansion,Medium,No,Groundwork Required Now,Windows;Web;iOS;Android,Founder;Customer,FEAT-0011,Low,N/A,TBD,TBD,"Options screener acceptance criteria are deferred pending options-data-provider selection (see `blocker`); once unblocked, it must meet the same reproducible-result-set bar as FEAT-0061/FEAT-0062.",Not Yet Designed,None,None,None -- not released,Depends on options data provider selection (see Market Data category).,TBD,TBD,Low,Created in Product Expansion foundation pass (2026-07-25),,
FEAT-0061,Technical filters,06 Screeners,Filter by indicator-based technical conditions.,Core screener filter class.,DS-002,DS-022,Planned,Stage 5 -- Initial Commercial Release,High,Yes,Groundwork Required Now,Windows;Web;iOS;Android,Founder;Customer,,Low,N/A,TBD,TBD,"A screener filter on at least one indicator-based technical condition (e.g. RSI, moving-average cross) returns a correct, reproducible result set for a fixed data snapshot.",Not Yet Designed,None,None,None -- not released,None,TBD,TBD,Low,Created in Product Expansion foundation pass (2026-07-25),,
FEAT-0062,Fundamental filters,06 Screeners,"Filter by fundamental data (P/E, market cap, etc.).",Core screener filter class.,DS-002,DS-022,Planned,Stage 5 -- Initial Commercial Release,Medium,Yes,Groundwork Required Now,Windows;Web;iOS;Android,Founder;Customer,,Low,N/A,TBD,TBD,"A screener filter on at least one fundamental field (e.g. P/E, market cap) returns a correct, reproducible result set for a fixed data snapshot.",Not Yet Designed,None,None,None -- not released,None,TBD,TBD,Low,Created in Product Expansion foundation pass (2026-07-25),,
FEAT-0063,Custom columns,06 Screeners,User-selected data columns in screener results.,Personalize screener output.,DS-002,DS-022,Idea,Stage 6 -- Advanced Trading Expansion,Low,No,Can Be Added Later Without Current Architectural Work,Windows;Web;iOS;Android,Founder;Customer,,Low,N/A,TBD,TBD,TBD -- requirement not yet fully drafted,Not Yet Designed,None,None,None -- not released,None,TBD,TBD,Low,Created in Product Expansion foundation pass (2026-07-25),,
FEAT-0064,Saved screener templates,06 Screeners,Persist a named screener configuration.,Avoid reconfiguring common searches.,DS-002,DS-022,Idea,Stage 6 -- Advanced Trading Expansion,Medium,No,Can Be Added Later Without Current Architectural Work,Windows;Web;iOS;Android,Founder;Customer,FEAT-0058,Low,N/A,TBD,TBD,TBD -- requirement not yet fully drafted,Not Yet Designed,None,None,None -- not released,None,TBD,TBD,Low,Created in Product Expansion foundation pass (2026-07-25),,
FEAT-0065,Scan scheduling,06 Screeners,Run a saved screener automatically on a schedule.,Reduce manual re-running of common scans.,DS-002,DS-022,Idea,Stage 7 -- Platform and TradingView-Style Expansion,Low,No,Can Be Added Later Without Current Architectural Work,Windows;Web;iOS;Android,Founder;Customer,FEAT-0064,Low,N/A,TBD,TBD,TBD -- requirement not yet fully drafted,Not Yet Designed,None,None,None -- not released,None,TBD,TBD,Low,Created in Product Expansion foundation pass (2026-07-25),,
FEAT-0066,Scan history,06 Screeners,Retain past screener run results for comparison.,Track how a screen's result set changes over time.,DS-002,DS-022,Idea,Stage 7 -- Platform and TradingView-Style Expansion,Low,No,Can Be Added Later Without Current Architectural Work,Windows;Web;iOS;Android,Founder;Customer,,Low,N/A,TBD,TBD,TBD -- requirement not yet fully drafted,Not Yet Designed,None,None,None -- not released,None,TBD,TBD,Low,Created in Product Expansion foundation pass (2026-07-25),,
FEAT-0067,Strategy-based scans,06 Screeners,Screen using a user's own defined strategy criteria.,Connect screening to the strategy system.,DS-002,DS-022,Idea,Stage 7 -- Platform and TradingView-Style Expansion,Medium,No,Groundwork Required Now,Windows;Web;iOS;Android,Founder;Customer,,Low,N/A,TBD,TBD,TBD -- requirement not yet fully drafted,Not Yet Designed,None,None,None -- not released,None,TBD,TBD,Low,Created in Product Expansion foundation pass (2026-07-25),,
FEAT-0068,Screener export,06 Screeners,Export screener results (CSV).,Data portability.,DS-002,DS-022,Idea,Stage 6 -- Advanced Trading Expansion,Low,No,Can Be Added Later Without Current Architectural Work,Windows;Web;iOS;Android,Founder;Customer,FEAT-0058,Low,N/A,TBD,TBD,TBD -- requirement not yet fully drafted,Not Yet Designed,None,None,None -- not released,None,TBD,TBD,Low,Created in Product Expansion foundation pass (2026-07-25),,
FEAT-0069,Future asset-class screening (forex/futures/crypto/bond/global equity),06 Screeners,Screener coverage extended to future asset classes as they are added.,Long-term screener completeness.,DS-002,DS-022,Future,"Stage 9 -- Marketplace, Global, and Institutional Expansion",Low,No,Can Be Added Later Without Current Architectural Work,Windows;Web;iOS;Android,Founder;Customer,,Low,N/A,TBD,TBD,TBD -- requirement not yet fully drafted,Not Yet Designed,None,None,None -- not released,None,TBD,TBD,Low,Created in Product Expansion foundation pass (2026-07-25),,
FEAT-0070,Price alerts,07 Alerts and notifications,Alert on a price crossing a threshold.,"Core, most-requested alert type.",DS-002,,Planned,Stage 5 -- Initial Commercial Release,Critical,Yes,Can Be Added Later Without Current Architectural Work,Windows;Web;iOS;Android,Founder;Customer,,Low,N/A,TBD,TBD,"An alert configured for a price threshold on a symbol fires exactly once when that threshold is first crossed, and is delivered through at least one configured channel.",Not Yet Designed,None,None,None -- not released,None,TBD,TBD,Medium,Created in Product Expansion foundation pass (2026-07-25),,
FEAT-0071,Indicator alerts,07 Alerts and notifications,Alert on an indicator condition.,Core alert type.,DS-002,,Planned,Stage 5 -- Initial Commercial Release,High,Yes,Can Be Added Later Without Current Architectural Work,Windows;Web;iOS;Android,Founder;Customer,,Low,N/A,TBD,TBD,"An alert configured for an indicator condition fires when that condition evaluates true on newly-closed data, and not on historical bars already evaluated.",Not Yet Designed,None,None,None -- not released,None,TBD,TBD,Low,Created in Product Expansion foundation pass (2026-07-25),,
FEAT-0072,Strategy alerts,07 Alerts and notifications,Alert when a user's strategy generates a signal.,Connect alerts to the strategy system.,DS-002,,Planned,Stage 5 -- Initial Commercial Release,High,Yes,Can Be Added Later Without Current Architectural Work,Windows;Web;iOS;Android,Founder;Customer,,Low,N/A,TBD,TBD,"An alert tied to a user strategy fires when that strategy emits a signal, and is traceable back to the specific strategy run that produced it.",Not Yet Designed,None,None,None -- not released,None,TBD,TBD,Low,Created in Product Expansion foundation pass (2026-07-25),,
FEAT-0073,Drawing alerts,07 Alerts and notifications,Alert on price crossing a user-drawn line.,See Drawing-Based Alerts (Charts category).,DS-002,DS-022,Idea,Stage 6 -- Advanced Trading Expansion,Medium,No,Groundwork Required Now,Windows;Web;iOS;Android,Founder;Customer,,Low,N/A,TBD,TBD,TBD -- requirement not yet fully drafted,Not Yet Designed,None,None,None -- not released,None,TBD,TBD,Low,Created in Product Expansion foundation pass (2026-07-25),,
FEAT-0074,Watchlist alerts,07 Alerts and notifications,Alert applied across an entire watchlist.,See Watchlist-Wide Alerts.,DS-002,DS-022,Idea,Stage 6 -- Advanced Trading Expansion,Medium,No,Groundwork Required Now,Windows;Web;iOS;Android,Founder;Customer,,Low,N/A,TBD,TBD,TBD -- requirement not yet fully drafted,Not Yet Designed,None,None,None -- not released,None,TBD,TBD,Low,Created in Product Expansion foundation pass (2026-07-25),,
FEAT-0075,Portfolio alerts,07 Alerts and notifications,"Alert on portfolio-level conditions (drawdown, exposure).",Risk awareness at the portfolio level.,DS-002,,Planned,Stage 5 -- Initial Commercial Release,High,Yes,Can Be Added Later Without Current Architectural Work,Windows;Web;iOS;Android,Founder;Customer,,Low,N/A,TBD,TBD,"A portfolio-level alert (e.g. drawdown threshold) fires based on aggregate account state, independent of any single symbol's alert configuration.",Not Yet Designed,None,None,None -- not released,None,TBD,TBD,Low,Created in Product Expansion foundation pass (2026-07-25),,
FEAT-0076,Risk alerts,07 Alerts and notifications,Alert when a deterministic risk threshold is approached/breached.,Surface risk-engine state proactively.,DS-002,,Planned,Stage 5 -- Initial Commercial Release,Critical,Yes,Can Be Added Later Without Current Architectural Work,Windows;Web;iOS;Android,Founder;Customer,,Low,Deterministic-Authoritative,TBD,TBD,"An alert fires when a deterministic risk threshold (from the Risk Engine) is approached or breached, using the same threshold values the Risk Engine itself enforces.",Not Yet Designed,None,None,None -- not released,None,TBD,TBD,Medium,Created in Product Expansion foundation pass (2026-07-25),,
FEAT-0077,Broker-state alerts,07 Alerts and notifications,Alert on broker connectivity/account-state changes.,Operational awareness.,DS-023,DS-002,Idea,Stage 6 -- Advanced Trading Expansion,High,No,Groundwork Required Now,Windows;Web;iOS;Android,Founder;Customer,,Low,N/A,TBD,TBD,TBD -- requirement not yet fully drafted,Not Yet Designed,None,None,None -- not released,None,TBD,TBD,Low,Created in Product Expansion foundation pass (2026-07-25),,
FEAT-0078,Data-quality alerts,07 Alerts and notifications,Alert when market data is stale/degraded.,Prevent trading on bad data unnoticed.,DS-023,DS-002,Planned,Stage 2 -- Usable Paper-Trading Alpha,High,Yes,Can Be Added Later Without Current Architectural Work,Windows;Web;iOS;Android,Founder;Customer,,Low,N/A,TBD,TBD,"An alert fires when market data for a subscribed symbol exceeds its freshness SLA, and the alert names the affected symbol and provider.",Not Yet Designed,None,tests/test_market_data_freshness.py,None -- not released,None,TBD,TBD,Medium,Created in Product Expansion foundation pass (2026-07-25),,
FEAT-0079,Multi-condition alert builder,07 Alerts and notifications,Combine multiple conditions (AND/OR) into one alert.,Reduce alert-fatigue false positives.,DS-002,DS-022,Idea,Stage 7 -- Platform and TradingView-Style Expansion,Medium,No,Groundwork Required Now,Windows;Web;iOS;Android,Founder;Customer,,Low,N/A,TBD,TBD,TBD -- requirement not yet fully drafted,Not Yet Designed,None,None,None -- not released,None,TBD,TBD,Low,Created in Product Expansion foundation pass (2026-07-25),,
FEAT-0080,Alert suppression,07 Alerts and notifications,Temporarily suppress an alert type without deleting it.,Reduce noise during known conditions.,DS-002,,Idea,Stage 6 -- Advanced Trading Expansion,Low,No,Can Be Added Later Without Current Architectural Work,Windows;Web;iOS;Android,Founder;Customer,,Low,N/A,TBD,TBD,TBD -- requirement not yet fully drafted,Not Yet Designed,None,None,None -- not released,None,TBD,TBD,Low,Created in Product Expansion foundation pass (2026-07-25),,
FEAT-0081,Alert cooldowns,07 Alerts and notifications,Minimum time between repeated firings of the same alert.,Prevent alert spam.,DS-002,,Planned,Stage 5 -- Initial Commercial Release,Medium,Yes,Can Be Added Later Without Current Architectural Work,Windows;Web;iOS;Android,Founder;Customer,,Low,N/A,TBD,TBD,"A repeated firing of the same alert condition within its configured cooldown window is suppressed and logged as suppressed, not silently dropped.",Not Yet Designed,None,None,None -- not released,None,TBD,TBD,Low,Created in Product Expansion foundation pass (2026-07-25),,
FEAT-0082,Alert escalation,07 Alerts and notifications,Escalate delivery channel if an alert is not acknowledged.,Ensure critical alerts are seen.,DS-002,,Idea,Stage 6 -- Advanced Trading Expansion,Medium,No,Can Be Added Later Without Current Architectural Work,Windows;Web;iOS;Android,Founder;Customer,,Low,N/A,TBD,TBD,TBD -- requirement not yet fully drafted,Not Yet Designed,None,None,None -- not released,None,TBD,TBD,Low,Created in Product Expansion foundation pass (2026-07-25),,
FEAT-0083,Alert acknowledgement,07 Alerts and notifications,Explicit user acknowledgement of a fired alert.,Track whether a critical alert was seen.,DS-002,,Idea,Stage 6 -- Advanced Trading Expansion,Medium,No,Can Be Added Later Without Current Architectural Work,Windows;Web;iOS;Android,Founder;Customer,,Low,N/A,TBD,TBD,TBD -- requirement not yet fully drafted,Not Yet Designed,None,None,None -- not released,None,TBD,TBD,Low,Created in Product Expansion foundation pass (2026-07-25),,
FEAT-0084,Alert history,07 Alerts and notifications,Retained log of past alert firings.,Review what fired and when.,DS-002,,Planned,Stage 5 -- Initial Commercial Release,Medium,Yes,Can Be Added Later Without Current Architectural Work,Windows;Web;iOS;Android,Founder;Customer,,Low,N/A,TBD,TBD,Every alert firing (delivered or suppressed) is retained in a queryable history for at least the account's data-retention window.,Not Yet Designed,None,None,None -- not released,None,TBD,TBD,Low,Created in Product Expansion foundation pass (2026-07-25),,
FEAT-0085,"Multi-channel alert delivery (mobile, desktop, email, notification)",07 Alerts and notifications,Deliver an alert across the channels a user configures.,Ensure alerts reach the user wherever they are.,DS-002,DS-016,Planned,Stage 5 -- Initial Commercial Release,Critical,Yes,Can Be Added Later Without Current Architectural Work,Windows;Web;iOS;Android,Founder;Customer,,Low,N/A,TBD,TBD,"An alert configured for multiple delivery channels is delivered to every enabled channel, with per-channel delivery success/failure recorded.",Not Yet Designed,None,None,None -- not released,None,TBD,TBD,Low,Created in Product Expansion foundation pass (2026-07-25),,
FEAT-0086,Discord notification delivery (notification-only),07 Alerts and notifications,"Optional Discord delivery channel; strictly notification-only, never a control/execution channel.",Already-approved DS-ALT-004/DS-INT-006 boundary; carried forward unchanged into the expansion registry.,DS-002,,Planned,Stage 6 -- Advanced Trading Expansion,Medium,No,Can Be Added Later Without Current Architectural Work,Windows;Web;iOS;Android,Founder;Customer,,Low,Informational,TBD,TBD,"Discord can never place, modify, or cancel an order; violates this and it is a Critical defect.",Not Yet Designed,None,None,None -- not released,None,TBD,TBD,Medium,Created in Product Expansion foundation pass (2026-07-25),,
FEAT-0087,Signed generic webhooks (future),07 Alerts and notifications,"Future outbound webhook delivery channel, cryptographically signed.",Allow third-party integration without a bespoke per-service integration.,DS-002,,Future,Stage 7 -- Platform and TradingView-Style Expansion,Low,No,Groundwork Required Now,Windows;Web;iOS;Android,Founder;Customer,,Low,Informational,TBD,TBD,TBD -- requirement not yet fully drafted,Not Yet Designed,None,None,None -- not released,None,TBD,TBD,Low,Created in Product Expansion foundation pass (2026-07-25),,
FEAT-0088,Symbol news feed,08 Research and news,News items scoped to a specific symbol.,Core research surface.,DS-002,,Planned,Stage 5 -- Initial Commercial Release,High,Yes,Can Be Added Later Without Current Architectural Work,Windows;Web;iOS;Android,Founder;Customer,,Low,N/A,TBD,TBD,"A symbol's news feed returns items tagged to that symbol, ordered by publish time, with source attribution.",Not Yet Designed,None,None,None -- not released,None,TBD,TBD,Low,Created in Product Expansion foundation pass (2026-07-25),,
FEAT-0089,Portfolio news feed,08 Research and news,News items scoped to a user's held/watched symbols.,Aggregate relevant news.,DS-002,,Planned,Stage 5 -- Initial Commercial Release,Medium,Yes,Can Be Added Later Without Current Architectural Work,Windows;Web;iOS;Android,Founder;Customer,,Low,N/A,TBD,TBD,A user's portfolio news feed aggregates items for every held/watched symbol without requiring a per-symbol lookup.,Not Yet Designed,None,None,None -- not released,None,TBD,TBD,Low,Created in Product Expansion foundation pass (2026-07-25),,
FEAT-0090,Breaking-news mode,08 Research and news,Elevated presentation for market-moving breaking news.,Surface urgency.,DS-002,,Idea,Stage 6 -- Advanced Trading Expansion,Medium,No,Can Be Added Later Without Current Architectural Work,Windows;Web;iOS;Android,Founder;Customer,,Low,N/A,TBD,TBD,TBD -- requirement not yet fully drafted,Not Yet Designed,None,None,None -- not released,None,TBD,TBD,Low,Created in Product Expansion foundation pass (2026-07-25),,
FEAT-0091,Duplicate-story clustering,08 Research and news,Group near-duplicate news stories from multiple sources.,Reduce feed noise.,DS-002,,Idea,Stage 6 -- Advanced Trading Expansion,Low,No,Can Be Added Later Without Current Architectural Work,Windows;Web;iOS;Android,Founder;Customer,,Low,N/A,TBD,TBD,TBD -- requirement not yet fully drafted,Not Yet Designed,None,None,None -- not released,None,TBD,TBD,Low,Created in Product Expansion foundation pass (2026-07-25),,
FEAT-0092,Source reliability scoring,08 Research and news,Rate news sources by historical reliability.,Help the user weigh news credibility.,DS-002,,Idea,Stage 7 -- Platform and TradingView-Style Expansion,Low,No,Can Be Added Later Without Current Architectural Work,Windows;Web;iOS;Android,Founder;Customer,,Low,N/A,TBD,TBD,TBD -- requirement not yet fully drafted,Not Yet Designed,None,None,None -- not released,None,TBD,TBD,Low,Created in Product Expansion foundation pass (2026-07-25),,
FEAT-0093,News sentiment analysis,08 Research and news,Automated sentiment tagging of news items.,Quick directional-lean signal.,DS-002,DS-018,Idea,Stage 7 -- Platform and TradingView-Style Expansion,Low,No,Can Be Added Later Without Current Architectural Work,Windows;Web;iOS;Android,Founder;Customer,,Low,"Advisory (Sage, non-authoritative)",TBD,TBD,TBD -- requirement not yet fully drafted,Not Yet Designed,None,None,None -- not released,None,TBD,TBD,Low,Created in Product Expansion foundation pass (2026-07-25),,
FEAT-0094,Catalyst extraction,08 Research and news,Automated extraction of the catalyst driving a news story.,Speed up research triage.,DS-002,DS-018,Idea,Stage 7 -- Platform and TradingView-Style Expansion,Low,No,Can Be Added Later Without Current Architectural Work,Windows;Web;iOS;Android,Founder;Customer,,Low,"Advisory (Sage, non-authoritative)",TBD,TBD,TBD -- requirement not yet fully drafted,Not Yet Designed,None,None,None -- not released,None,TBD,TBD,Low,Created in Product Expansion foundation pass (2026-07-25),,
FEAT-0095,Rumor vs. confirmed labeling,08 Research and news,Explicit labeling distinguishing rumor from confirmed fact in news items.,Prevent unverified claims from being presented as fact (consistent with DS-002's evidence-governance principle).,DS-002,,Idea,Stage 7 -- Platform and TradingView-Style Expansion,Medium,No,Can Be Added Later Without Current Architectural Work,Windows;Web;iOS;Android,Founder;Customer,,Low,N/A,TBD,TBD,TBD -- requirement not yet fully drafted,Not Yet Designed,None,None,None -- not released,None,TBD,TBD,Low,Created in Product Expansion foundation pass (2026-07-25),,
FEAT-0096,Chart news markers,08 Research and news,News-event markers plotted directly on a chart's timeline.,Correlate price action with news.,DS-022,DS-002,Idea,Stage 7 -- Platform and TradingView-Style Expansion,Low,No,Groundwork Required Now,Windows;Web;iOS;Android,Founder;Customer,,Low,N/A,TBD,TBD,TBD -- requirement not yet fully drafted,Not Yet Designed,None,None,None -- not released,None,TBD,TBD,Low,Created in Product Expansion foundation pass (2026-07-25),,
FEAT-0097,Economic calendar,08 Research and news,Scheduled macroeconomic release calendar.,Anticipate market-moving scheduled events.,DS-002,DS-022,Planned,Stage 5 -- Initial Commercial Release,Medium,No,Can Be Added Later Without Current Architectural Work,Windows;Web;iOS;Android,Founder;Customer,,Low,N/A,TBD,TBD,"The economic calendar surfaces scheduled macro releases (rates, employment, inflation) with source attribution and an explicit unknown-date state when a release is not yet scheduled.",Not Yet Designed,None,None,None -- not released,None,TBD,TBD,Low,Created in Product Expansion foundation pass (2026-07-25),,
FEAT-0098,Earnings calendar,08 Research and news,Scheduled earnings-release calendar.,Anticipate symbol-specific catalysts.,DS-002,DS-022,Planned,Stage 5 -- Initial Commercial Release,Medium,Yes,Can Be Added Later Without Current Architectural Work,Windows;Web;iOS;Android,Founder;Customer,,Low,N/A,TBD,TBD,"An earnings-calendar entry for a covered symbol shows a scheduled release date/time sourced from a defined provider, with an explicit unknown-date state when not yet announced.",Not Yet Designed,None,None,None -- not released,None,TBD,TBD,Low,Created in Product Expansion foundation pass (2026-07-25),,
FEAT-0099,Dividend calendar,08 Research and news,Scheduled dividend ex-date/payment calendar.,Support income-focused research.,DS-002,DS-022,Idea,Stage 6 -- Advanced Trading Expansion,Low,No,Can Be Added Later Without Current Architectural Work,Windows;Web;iOS;Android,Founder;Customer,,Low,N/A,TBD,TBD,TBD -- requirement not yet fully drafted,Not Yet Designed,None,None,None -- not released,None,TBD,TBD,Low,Created in Product Expansion foundation pass (2026-07-25),,
FEAT-0100,Split calendar,08 Research and news,Scheduled stock-split calendar.,Avoid confusion from unadjusted price history.,DS-002,DS-022,Idea,Stage 6 -- Advanced Trading Expansion,Low,No,Can Be Added Later Without Current Architectural Work,Windows;Web;iOS;Android,Founder;Customer,,Low,N/A,TBD,TBD,TBD -- requirement not yet fully drafted,Not Yet Designed,None,None,None -- not released,None,TBD,TBD,Low,Created in Product Expansion foundation pass (2026-07-25),,
FEAT-0101,IPO calendar,08 Research and news,Scheduled IPO calendar.,Support new-listing research.,DS-002,DS-022,Idea,Stage 7 -- Platform and TradingView-Style Expansion,Low,No,Can Be Added Later Without Current Architectural Work,Windows;Web;iOS;Android,Founder;Customer,,Low,N/A,TBD,TBD,TBD -- requirement not yet fully drafted,Not Yet Designed,None,None,None -- not released,None,TBD,TBD,Low,Created in Product Expansion foundation pass (2026-07-25),,
FEAT-0102,Options expiration calendar,08 Research and news,Scheduled options-expiration calendar.,Support options intelligence.,DS-002,DS-022,Idea,Stage 6 -- Advanced Trading Expansion,Medium,No,Groundwork Required Now,Windows;Web;iOS;Android,Founder;Customer,FEAT-0011,Low,N/A,TBD,TBD,TBD -- requirement not yet fully drafted,Not Yet Designed,None,None,None -- not released,Depends on options data provider selection.,TBD,TBD,Low,Created in Product Expansion foundation pass (2026-07-25),,
FEAT-0103,Federal Reserve events calendar,08 Research and news,Scheduled FOMC/Fed-speaker calendar.,Anticipate macro-moving events.,DS-002,DS-022,Idea,Stage 6 -- Advanced Trading Expansion,Low,No,Can Be Added Later Without Current Architectural Work,Windows;Web;iOS;Android,Founder;Customer,,Low,N/A,TBD,TBD,TBD -- requirement not yet fully drafted,Not Yet Designed,None,None,None -- not released,None,TBD,TBD,Low,Created in Product Expansion foundation pass (2026-07-25),,
FEAT-0104,Treasury events calendar,08 Research and news,Scheduled Treasury auction/announcement calendar.,Anticipate macro-moving events.,DS-002,DS-022,Idea,Stage 7 -- Platform and TradingView-Style Expansion,Low,No,Can Be Added Later Without Current Architectural Work,Windows;Web;iOS;Android,Founder;Customer,,Low,N/A,TBD,TBD,TBD -- requirement not yet fully drafted,Not Yet Designed,None,None,None -- not released,None,TBD,TBD,Low,Created in Product Expansion foundation pass (2026-07-25),,
FEAT-0105,Market holidays calendar,08 Research and news,Market holiday schedule.,Prevent scheduling confusion around closed markets.,DS-002,DS-022,Planned,Stage 2 -- Usable Paper-Trading Alpha,Medium,Yes,Can Be Added Later Without Current Architectural Work,Windows;Web;iOS;Android,Founder;Customer,,Low,N/A,TBD,TBD,"The market-holiday calendar correctly marks a known exchange holiday as non-trading for every date-dependent feature (alerts, orders, calendars) that consults it.",Not Yet Designed,None,None,None -- not released,None,TBD,TBD,Medium,Created in Product Expansion foundation pass (2026-07-25),,
FEAT-0106,Early closes calendar,08 Research and news,Early-market-close schedule.,Prevent scheduling confusion around shortened sessions.,DS-002,DS-022,Planned,Stage 2 -- Usable Paper-Trading Alpha,Low,Yes,Can Be Added Later Without Current Architectural Work,Windows;Web;iOS;Android,Founder;Customer,,Low,N/A,TBD,TBD,The early-close calendar correctly reflects a shortened session's actual close time for every time-dependent feature that consults it.,Not Yet Designed,None,None,None -- not released,None,TBD,TBD,Medium,Created in Product Expansion foundation pass (2026-07-25),,
FEAT-0107,Trading halts feed,08 Research and news,Real-time trading-halt notifications.,Prevent action on halted symbols going unnoticed.,DS-023,DS-002,Idea,Stage 6 -- Advanced Trading Expansion,High,No,Groundwork Required Now,Windows;Web;iOS;Android,Founder;Customer,,Low,Deterministic-Authoritative,TBD,TBD,"A trading halt on a covered symbol is surfaced within the feed's defined latency SLA, and no automated order for that symbol is submitted while the halt is active.",Not Yet Designed,None,None,None -- not released,None,TBD,TBD,Low,Created in Product Expansion foundation pass (2026-07-25),,
FEAT-0108,Strategy blackout periods,08 Research and news,Configurable periods during which an automated strategy will not act (e.g. around FOMC).,Give the user control over automation during known high-volatility windows.,DS-002,DS-020,Idea,Stage 6 -- Advanced Trading Expansion,Medium,No,Groundwork Required Now,Windows;Web;iOS;Android,Founder;Customer,,Low,Deterministic-Authoritative,TBD,TBD,"A strategy configured with a blackout window (e.g. around FOMC) does not submit automated orders during that window, and a rejection during blackout states the blackout as the reason.",Not Yet Designed,None,None,None -- not released,None,TBD,TBD,Low,Created in Product Expansion foundation pass (2026-07-25),,
FEAT-0109,S&P 500 heatmap,08 Research and news,Index-constituent performance heatmap.,Market-visualization discovery tool.,DS-002,DS-022,Idea,Stage 6 -- Advanced Trading Expansion,Medium,No,Groundwork Required Now,Windows;Web;iOS;Android,Founder;Customer,,Low,N/A,TBD,TBD,TBD -- requirement not yet fully drafted,Not Yet Designed,None,None,None -- not released,None,TBD,TBD,Low,Created in Product Expansion foundation pass (2026-07-25),,
FEAT-0110,Sector heatmap,08 Research and news,Sector-level performance heatmap.,Market-visualization discovery tool.,DS-002,DS-022,Idea,Stage 6 -- Advanced Trading Expansion,Medium,No,Groundwork Required Now,Windows;Web;iOS;Android,Founder;Customer,,Low,N/A,TBD,TBD,TBD -- requirement not yet fully drafted,Not Yet Designed,None,None,None -- not released,None,TBD,TBD,Low,Created in Product Expansion foundation pass (2026-07-25),,
FEAT-0111,Industry heatmap,08 Research and news,Industry-level performance heatmap.,Market-visualization discovery tool.,DS-002,DS-022,Idea,Stage 6 -- Advanced Trading Expansion,Low,No,Groundwork Required Now,Windows;Web;iOS;Android,Founder;Customer,,Low,N/A,TBD,TBD,TBD -- requirement not yet fully drafted,Not Yet Designed,None,None,None -- not released,None,TBD,TBD,Low,Created in Product Expansion foundation pass (2026-07-25),,
FEAT-0112,Portfolio heatmap,08 Research and news,Heatmap of the user's own holdings.,Visualize personal exposure at a glance.,DS-002,DS-022,Idea,Stage 6 -- Advanced Trading Expansion,Medium,No,Groundwork Required Now,Windows;Web;iOS;Android,Founder;Customer,,Low,N/A,TBD,TBD,TBD -- requirement not yet fully drafted,Not Yet Designed,None,None,None -- not released,None,TBD,TBD,Low,Created in Product Expansion foundation pass (2026-07-25),,
FEAT-0113,Risk-concentration heatmap,08 Research and news,Heatmap highlighting concentrated risk within a portfolio.,Surface concentration risk visually.,DS-002,DS-022,Idea,Stage 7 -- Platform and TradingView-Style Expansion,Medium,No,Groundwork Required Now,Windows;Web;iOS;Android,Founder;Customer,,Low,Deterministic-Authoritative,TBD,TBD,"The risk-concentration heatmap reflects the account's actual current position concentration, recomputed on every position change.",Not Yet Designed,None,None,None -- not released,None,TBD,TBD,Low,Created in Product Expansion foundation pass (2026-07-25),,
FEAT-0114,Correlation heatmap,08 Research and news,Symbol/portfolio correlation heatmap.,Surface diversification (or lack thereof).,DS-002,DS-022,Idea,Stage 7 -- Platform and TradingView-Style Expansion,Low,No,Groundwork Required Now,Windows;Web;iOS;Android,Founder;Customer,,Low,N/A,TBD,TBD,TBD -- requirement not yet fully drafted,Not Yet Designed,None,None,None -- not released,None,TBD,TBD,Low,Created in Product Expansion foundation pass (2026-07-25),,
FEAT-0115,Implied-volatility heatmap,08 Research and news,IV heatmap across symbols/options.,Support options intelligence.,DS-002,DS-022,Idea,Stage 7 -- Platform and TradingView-Style Expansion,Low,No,Groundwork Required Now,Windows;Web;iOS;Android,Founder;Customer,FEAT-0011,Low,N/A,TBD,TBD,TBD -- requirement not yet fully drafted,Not Yet Designed,None,None,None -- not released,Depends on options data provider selection.,TBD,TBD,Low,Created in Product Expansion foundation pass (2026-07-25),,
FEAT-0116,Strategy-opportunity heatmap,08 Research and news,Heatmap of symbols matching a strategy's criteria.,Connect visualization to the strategy system.,DS-002,DS-022,Idea,Stage 7 -- Platform and TradingView-Style Expansion,Low,No,Groundwork Required Now,Windows;Web;iOS;Android,Founder;Customer,,Low,"Advisory (Sage, non-authoritative)",TBD,TBD,TBD -- requirement not yet fully drafted,Not Yet Designed,None,None,None -- not released,None,TBD,TBD,Low,Created in Product Expansion foundation pass (2026-07-25),,
FEAT-0117,Market breadth,08 Research and news,Advancing/declining issue counts and related breadth metrics.,Gauge overall market health.,DS-002,DS-022,Idea,Stage 6 -- Advanced Trading Expansion,Medium,No,Groundwork Required Now,Windows;Web;iOS;Android,Founder;Customer,,Low,N/A,TBD,TBD,TBD -- requirement not yet fully drafted,Not Yet Designed,None,None,None -- not released,None,TBD,TBD,Low,Created in Product Expansion foundation pass (2026-07-25),,
FEAT-0118,Advance/decline data,08 Research and news,Advance/decline line and related data.,Classic breadth indicator.,DS-002,DS-022,Idea,Stage 6 -- Advanced Trading Expansion,Low,No,Groundwork Required Now,Windows;Web;iOS;Android,Founder;Customer,,Low,N/A,TBD,TBD,TBD -- requirement not yet fully drafted,Not Yet Designed,None,None,None -- not released,None,TBD,TBD,Low,Created in Product Expansion foundation pass (2026-07-25),,
FEAT-0119,New highs and lows,08 Research and news,52-week (or configurable) new-high/new-low tracking.,Classic breadth indicator.,DS-002,DS-022,Idea,Stage 6 -- Advanced Trading Expansion,Low,No,Groundwork Required Now,Windows;Web;iOS;Android,Founder;Customer,,Low,N/A,TBD,TBD,TBD -- requirement not yet fully drafted,Not Yet Designed,None,None,None -- not released,None,TBD,TBD,Low,Created in Product Expansion foundation pass (2026-07-25),,
FEAT-0120,Sector rotation view,08 Research and news,Visualization of relative sector performance rotation over time.,Macro-level research tool.,DS-002,DS-022,Idea,Stage 7 -- Platform and TradingView-Style Expansion,Low,No,Groundwork Required Now,Windows;Web;iOS;Android,Founder;Customer,,Low,N/A,TBD,TBD,TBD -- requirement not yet fully drafted,Not Yet Designed,None,None,None -- not released,None,TBD,TBD,Low,Created in Product Expansion foundation pass (2026-07-25),,
FEAT-0121,Market-regime dashboard,08 Research and news,Composite view characterizing current market regime (trending/choppy/high-vol).,Give Sage and the user shared situational context.,DS-018,DS-022,Idea,Stage 7 -- Platform and TradingView-Style Expansion,Medium,No,Groundwork Required Now,Windows;Web;iOS;Android,Founder;Customer,,Low,"Advisory (Sage, non-authoritative)",TBD,TBD,TBD -- requirement not yet fully drafted,Not Yet Designed,None,None,None -- not released,None,TBD,TBD,Low,Created in Product Expansion foundation pass (2026-07-25),,
FEAT-0122,Founder Local Sage,09 Sage intelligence,"The Founder's private, locally-deployed Sage instance.",Preserve Founder research/IP privacy permanently.,DS-018,DS-003;DS-015,Designed,Stage 3 -- Founder Workstation Beta,Critical,No,Groundwork Required Now,Windows;macOS;Linux,Founder,FEAT-0001,High,"Advisory (Sage, non-authoritative)","Founder desktop/workstation runtime only -- not deployed as a web, iOS, or Android runtime",TBD,"Founder Local Sage executes only on a Founder desktop/workstation build; no web, iOS, or Android client runs Local Sage's model weights or coding tools. Mobile/web may act only as an authorized remote control/status surface for it, never as a runtime.",DS-003 (Sage AI Bible); DS-018 skeleton,None,None,None -- not released,None,TBD,TBD,Medium,Created in Product Expansion foundation pass (2026-07-25),,
FEAT-0123,Customer Cloud Sage,09 Sage intelligence,The cloud-hosted Sage service available to customer accounts.,Give customers a Sage experience without exposing Founder-private assets.,DS-018,DS-003;DS-019,Planned,Stage 4 -- Customer Cloud Beta,Critical,Yes,Groundwork Required Now,Windows;Web;iOS;Android,Customer,FEAT-0124,High,"Advisory (Sage, non-authoritative)",TBD,TBD,"A customer account can invoke Cloud Sage and receive a response, or an explicit unavailable state, with no Founder-private model weight, prompt, or research asset ever exposed in the response or its metadata.",Not Yet Designed,None,None,None -- not released,None,TBD,TBD,Low,Created in Product Expansion foundation pass (2026-07-25),,
FEAT-0124,Sage bounded-agency behavioral contract,09 Sage intelligence,"ADR-002/ADR-006's non-bypass, bounded-agency guarantee.",Anchor every Sage-touching expansion feature to the same behavioral limits.,DS-003,,Designed,Stage 1 -- Local Technical Foundation,Critical,Yes,Can Be Added Later Without Current Architectural Work,Windows;Web;iOS;Android,Founder;Customer,,Low,Deterministic-Authoritative,TBD,TBD,"Sage cannot submit, modify, or cancel an order, and cannot suppress, weaken, or bypass any Risk Engine check, under any prompt or configuration.","ADR-002; ADR-006 (no Sage backend module exists yet -- Designed, not Implemented)",None,None,None -- not released,None,TBD,TBD,High,Created in Product Expansion foundation pass (2026-07-25),,
FEAT-0125,Sage model/prompt routing and versioning,09 Sage intelligence,Infrastructure routing a request to the correct model/prompt version.,Support reproducibility and audit of Sage output.,DS-018,,Idea,Stage 4 -- Customer Cloud Beta,Medium,No,Groundwork Required Now,Windows;Web;iOS;Android,Founder;Customer,,Low,N/A,TBD,TBD,TBD -- requirement not yet fully drafted,Not Yet Designed,None,None,None -- not released,None,TBD,TBD,Low,Created in Product Expansion foundation pass (2026-07-25),,
FEAT-0126,"""Why not this trade?"" explanation",09 Sage intelligence,Sage-generated explanation of why a proposed trade did not pass validation.,Turn a rejection into an educational moment rather than a dead end.,DS-018,DS-003,Idea,Stage 6 -- Advanced Trading Expansion,Medium,No,Groundwork Required Now,Windows;Web;iOS;Android,Founder;Customer,,Low,"Advisory (Sage, non-authoritative)",TBD,TBD,TBD -- requirement not yet fully drafted,Not Yet Designed,None,None,None -- not released,None,TBD,TBD,Low,Created in Product Expansion foundation pass (2026-07-25),,
FEAT-0127,Sage usage quotas,09 Sage intelligence,Per-tier limits on Sage request volume.,Contain Sage hosting cost at scale.,DS-019,DS-018,Planned,Stage 5 -- Initial Commercial Release,Medium,Yes,Groundwork Required Now,Windows;Web;iOS;Android,Founder;Customer,,Low,N/A,TBD,TBD,"A customer account's Sage requests are capped at its tier's configured quota; a request beyond quota is rejected with an explicit quota-exceeded response, never silently throttled.",Not Yet Designed,None,None,None -- not released,None,TBD,TBD,Low,Created in Product Expansion foundation pass (2026-07-25); Initial-release status repair (2026-07-26): reclassified Idea -> Planned. Reason: Sage-usage quotas are the specific instance FEAT-0241 (Entitlement quota engine) generalizes (see FEATURE_DEPENDENCIES.csv edge: FEAT-0241 extends FEAT-0127); cannot ship tiered Sage access commercially without it.,,
FEAT-0128,Sage research workflow (DS-RSH-006),09 Sage intelligence,Sage-orchestrated evidence-governed research workflow.,Already-approved capability; expansion registry cross-references it for completeness.,DS-002,DS-018,Planned,Stage 6 -- Advanced Trading Expansion,High,No,Can Be Added Later Without Current Architectural Work,Windows;Web;iOS;Android,Founder;Customer,,Low,"Advisory (Sage, non-authoritative)",TBD,TBD,A Sage research workflow output cites the specific evidence it used and is labeled advisory; it cannot itself submit an order or mark an exit plan approved.,docs/codex/Volume-02-Product/requirements/DS-RSH-Research-Intelligence.md,None,None,None -- not released,None,TBD,TBD,Medium,Created in Product Expansion foundation pass (2026-07-25),,
FEAT-0129,Sage journal coaching (DS-JRN-005),09 Sage intelligence,"Sage's bounded, non-diagnostic journal-coaching capability.",Already-approved capability; expansion registry cross-references it for completeness.,DS-002,DS-018,Planned,Stage 6 -- Advanced Trading Expansion,Medium,No,Can Be Added Later Without Current Architectural Work,Windows;Web;iOS;Android,Founder;Customer,,Low,"Advisory (Sage, non-authoritative)",TBD,TBD,"Sage's journal coaching output is bounded to non-diagnostic, non-authoritative commentary on the user's own journal entries and never issues a trading instruction.",docs/codex/Volume-02-Product/requirements/DS-JRN-Journal-and-Review.md,None,None,None -- not released,None,TBD,TBD,Medium,Created in Product Expansion foundation pass (2026-07-25),,
FEAT-0130,Sage failure-mode honesty,09 Sage intelligence,"Sage unavailability presents an explicit unavailable state, never a fabricated response.",Preserve user trust during outages.,DS-018,,Designed,Stage 4 -- Customer Cloud Beta,High,Yes,Groundwork Required Now,Windows;Web;iOS;Android,Founder;Customer,,Low,Deterministic-Authoritative,TBD,TBD,"When Sage (Local or Cloud) is unavailable, every caller receives an explicit unavailable/degraded state; no fabricated or cached-as-live response is ever returned in place of a real one.",ADR-006 (Sage failure-mode honesty is part of the same bounded-agency contract as ADR-002),None,None,None -- not released,None,TBD,TBD,Low,Created in Product Expansion foundation pass (2026-07-25),,
FEAT-0131,Restricted DarkSage strategy language,10 Strategies and indicators,"A constrained, sandboxed strategy-authoring language (not arbitrary code).",Let users customize strategies without allowing arbitrary code into the deterministic execution process.,DS-002,DS-022;DS-008,Planned,Stage 6 -- Advanced Trading Expansion,High,No,Groundwork Required Now,Windows;Web;iOS;Android,Founder;Customer,,High,Deterministic-Authoritative,TBD,TBD,No script written in this language can bypass deterministic risk validation.,Not Yet Designed,None,None,None -- not released,None,TBD,TBD,Low,Created in Product Expansion foundation pass (2026-07-25),,
FEAT-0132,Visual strategy builder,10 Strategies and indicators,No-code/drag-and-drop strategy construction UI.,Lower the barrier to strategy customization.,DS-022,DS-002,Idea,Stage 7 -- Platform and TradingView-Style Expansion,Medium,No,Groundwork Required Now,Windows;Web;iOS;Android,Founder;Customer,FEAT-0131,Low,Deterministic-Authoritative,TBD,TBD,A strategy built visually compiles to the same restricted DarkSage strategy language as hand-written code and is subject to the same safety scanning (FEAT-0138) before it can run.,Not Yet Designed,None,None,None -- not released,None,TBD,TBD,Low,Created in Product Expansion foundation pass (2026-07-25),,
FEAT-0133,Indicator builder,10 Strategies and indicators,User-defined custom indicator construction tool.,Allow indicator customization within the same sandbox.,DS-022,DS-002,Idea,Stage 7 -- Platform and TradingView-Style Expansion,Medium,No,Groundwork Required Now,Windows;Web;iOS;Android,Founder;Customer,FEAT-0131,Low,Deterministic-Authoritative,TBD,TBD,A custom indicator built with the tool runs only inside the restricted sandbox and cannot access any capability outside the indicator-builder API surface.,Not Yet Designed,None,None,None -- not released,None,TBD,TBD,Low,Created in Product Expansion foundation pass (2026-07-25),,
FEAT-0134,Alert builder (strategy-linked),10 Strategies and indicators,Author an alert condition using the same restricted strategy language.,"Reuse one safe expression language across strategies, indicators, and alerts.",DS-002,DS-022,Idea,Stage 7 -- Platform and TradingView-Style Expansion,Medium,No,Groundwork Required Now,Windows;Web;iOS;Android,Founder;Customer,,Low,Deterministic-Authoritative,TBD,TBD,"An alert authored via the strategy-linked builder evaluates using the same restricted language and sandbox as a strategy, and cannot itself submit an order.",Not Yet Designed,None,None,None -- not released,None,TBD,TBD,Low,Created in Product Expansion foundation pass (2026-07-25),,
FEAT-0135,Founder-only Python research extensions,10 Strategies and indicators,Unrestricted Python research tooling available only to the Founder.,Give the Founder full research power without exposing arbitrary code execution to customers.,DS-015,DS-002;DS-008,Idea,Stage 3 -- Founder Workstation Beta,Medium,No,Groundwork Required Now,Windows;macOS;Linux,Founder,,Medium,Deterministic-Authoritative,Founder-private workstation/development environment only,TBD,"Founder-only Python research extensions run only inside the Founder's private workstation/development environment and are never present in, or reachable from, any customer-facing build or client.",Not Yet Designed,None,None,None -- not released,None,TBD,TBD,Low,Created in Product Expansion foundation pass (2026-07-25),,
FEAT-0136,Versioned strategies,10 Strategies and indicators,"Strategies are versioned; changes create a new version, not a silent mutation.",Preserve backtest/audit integrity as strategies evolve.,DS-002,,Planned,Stage 2 -- Usable Paper-Trading Alpha,High,No,Can Be Added Later Without Current Architectural Work,Windows;Web;iOS;Android,Founder;Customer,,Low,Deterministic-Authoritative,TBD,TBD,Editing a published strategy creates a new version with its own identifier; the prior version remains retrievable unchanged.,Not Yet Designed,None,None,None -- not released,None,TBD,TBD,Medium,Created in Product Expansion foundation pass (2026-07-25),,
FEAT-0137,Versioned indicators,10 Strategies and indicators,Indicators are versioned the same way strategies are.,Preserve backtest/audit integrity.,DS-002,,Planned,Stage 2 -- Usable Paper-Trading Alpha,Medium,No,Can Be Added Later Without Current Architectural Work,Windows;Web;iOS;Android,Founder;Customer,,Low,Deterministic-Authoritative,TBD,TBD,"Editing a published indicator creates a new version with its own identifier, mirroring FEAT-0136 for indicators.",Not Yet Designed,None,None,None -- not released,None,TBD,TBD,Medium,Created in Product Expansion foundation pass (2026-07-25),,
FEAT-0138,Strategy/indicator safety scanning,10 Strategies and indicators,Automated scan of a user-authored strategy/indicator for unsafe constructs before it can run.,"Enforce the sandbox boundary mechanically, not by review alone.",DS-008,DS-002,Idea,Stage 6 -- Advanced Trading Expansion,Critical,No,Groundwork Required Now,Windows;Web;iOS;Android,Founder;Customer,FEAT-0131,High,Deterministic-Authoritative,TBD,TBD,"A strategy/indicator containing a disallowed construct (e.g. unbounded loop, disallowed I/O call) is rejected by the safety scan before it can be run or published, with the specific violated rule named.",Not Yet Designed,None,None,None -- not released,None,TBD,TBD,Low,Created in Product Expansion foundation pass (2026-07-25),,
FEAT-0139,No arbitrary customer code in deterministic execution,10 Strategies and indicators,Explicit architectural prohibition: no customer-authored code path ever executes inside the deterministic order-validation process.,Preserve the core safety invariant regardless of how flexible strategy customization becomes.,DS-008,DS-002;DS-004,Designed,Stage 1 -- Local Technical Foundation,Critical,Yes,Can Be Added Later Without Current Architectural Work,Windows;Web;iOS;Android,Founder;Customer,,Low,Deterministic-Authoritative,TBD,TBD,No customer-authored strategy/indicator code path can reach order submission without passing through the same deterministic validation as manually-entered orders.,ADR-002 (Sage Cannot Bypass the Risk Engine),"None -- backend/app/backtesting/validation implements walk-forward/partition validation for backtesting, not a customer-code sandboxing boundary in the live execution path.",None,None -- not released,None,TBD,TBD,High,Created in Product Expansion foundation pass (2026-07-25),,
FEAT-0140,No script bypass of risk validation,10 Strategies and indicators,Explicit prohibition mirrored for the strategy-language sandbox specifically.,Restate ADR-002's guarantee in the context of the new strategy-customization surface.,DS-008,,Designed,Stage 1 -- Local Technical Foundation,Critical,Yes,Can Be Added Later Without Current Architectural Work,Windows;Web;iOS;Android,Founder;Customer,,Low,Deterministic-Authoritative,TBD,TBD,"No script, strategy, or indicator, however authored, can suppress or skip a Risk Engine check that a manually-entered order would be subject to.",ADR-002 (Sage Cannot Bypass the Risk Engine),"None -- backend/app/backtesting/validation implements walk-forward/partition validation for backtesting, not a live risk-validation bypass guard.",None,None -- not released,None,TBD,TBD,High,Created in Product Expansion foundation pass (2026-07-25),,
FEAT-0141,Backtesting engine (core),"11 Backtesting, replay, and simulation",Core historical strategy-backtest execution engine.,Let users validate a strategy before risking capital.,DS-002,,Tested,Stage 2 -- Usable Paper-Trading Alpha,Critical,Yes,Can Be Added Later Without Current Architectural Work,Windows;Web;iOS;Android,Founder;Customer,FEAT-0009,Low,Deterministic-Authoritative,TBD,backend/app/backtesting,A backtest run over a fixed historical dataset and fixed strategy config produces the same trade list and equity curve on repeated runs (deterministic replay).,Not Yet Designed,backend/app/backtesting/execution; backend/app/backtesting/strategy; backend/app/backtesting/validation,tests/test_backtest_engine.py; tests/test_backtest_execution.py; tests/test_backtest_strategy.py; tests/test_backtest_validation.py,None -- not released,None,Complete,Complete,High,Created in Product Expansion foundation pass (2026-07-25),,
FEAT-0142,Backtest metrics,"11 Backtesting, replay, and simulation",Standard performance metrics computed from a backtest run.,"Give users comparable, standardized results.",DS-002,,Tested,Stage 2 -- Usable Paper-Trading Alpha,High,Yes,Can Be Added Later Without Current Architectural Work,Windows;Web;iOS;Android,Founder;Customer,,Low,Deterministic-Authoritative,TBD,TBD,"Standard performance metrics (e.g. Sharpe, max drawdown, win rate) computed from a backtest run match independent recomputation from the same trade list.",Not Yet Designed,backend/app/backtesting,tests/test_backtest_metrics.py,None -- not released,None,Complete,Complete,High,Created in Product Expansion foundation pass (2026-07-25),,
FEAT-0143,Backtest comparison,"11 Backtesting, replay, and simulation",Compare two or more backtest runs side by side.,Support strategy iteration.,DS-002,,Tested,Stage 2 -- Usable Paper-Trading Alpha,Medium,No,Can Be Added Later Without Current Architectural Work,Windows;Web;iOS;Android,Founder;Customer,,Low,Deterministic-Authoritative,TBD,TBD,Two backtest runs selected for comparison are displayed side by side with the same metric set computed identically for both.,Not Yet Designed,backend/app/backtesting,tests/test_backtest_comparison.py,None -- not released,None,Complete,Complete,High,Created in Product Expansion foundation pass (2026-07-25),,
FEAT-0144,Backtest robustness analysis,"11 Backtesting, replay, and simulation",Sensitivity/robustness testing across parameter ranges.,Detect overfit strategies.,DS-002,,Tested,Stage 2 -- Usable Paper-Trading Alpha,Medium,No,Can Be Added Later Without Current Architectural Work,Windows;Web;iOS;Android,Founder;Customer,,Low,Deterministic-Authoritative,TBD,TBD,"A robustness sweep across a parameter range reports the metric distribution across all tested parameter values, not just the single best-performing one.",Not Yet Designed,backend/app/backtesting,tests/test_backtest_robustness.py,None -- not released,None,Complete,Complete,High,Created in Product Expansion foundation pass (2026-07-25),,
FEAT-0145,Historical market replay,"11 Backtesting, replay, and simulation",Bar-by-bar replay of historical data for manual practice.,Support the Stage 5 'limited market replay' commitment.,DS-002,,Tested,Stage 5 -- Initial Commercial Release,High,Yes,Can Be Added Later Without Current Architectural Work,Windows;Web;iOS;Android,Founder;Customer,,Low,Deterministic-Authoritative,TBD,TBD,Historical replay advances bar by bar at the user's control and never reveals data beyond the currently-replayed bar.,Not Yet Designed,backend/app/backtesting,tests/test_backtest_replay.py,None -- not released,None,Complete,Complete,High,Created in Product Expansion foundation pass (2026-07-25),,
FEAT-0146,Paper trading (basic backtesting integration),"11 Backtesting, replay, and simulation",Integration between the backtesting engine and live paper-trading state.,Support the Stage 5 'basic backtesting' and 'paper trading' commitments jointly.,DS-002,,Planned,Stage 2 -- Usable Paper-Trading Alpha,Critical,Yes,Can Be Added Later Without Current Architectural Work,Windows;Web;iOS;Android,Founder;Customer,,Low,Deterministic-Authoritative,TBD,TBD,"A paper-trading position opened from a backtest-validated strategy config uses the same order-construction path as backtesting, with live (not historical) prices.",Not Yet Designed,None,None,None -- not released,None,TBD,TBD,High,"Created in Product Expansion foundation pass (2026-07-25) Second independent-audit repair (2026-07-26): status corrected Tested -> Planned; implementation_evidence/test_evidence corrected to reflect that the cited tests cover unrelated backtesting-suite concerns, not paper-trading integration, which does not yet exist.",,
FEAT-0147,Trade proposal generation,12 Trade proposals,System-generated proposed trade from a signal/strategy match.,Central discovery-to-action surface.,DS-002,,Planned,Stage 2 -- Usable Paper-Trading Alpha,Critical,Yes,Can Be Added Later Without Current Architectural Work,Windows;Web;iOS;Android,Founder;Customer,FEAT-0150,Low,"Advisory (Sage, non-authoritative)",TBD,TBD,A trade proposal presented to the user is clearly labeled advisory/non-authoritative and cannot itself submit an order; submission still requires the same deterministic validation as a manually-entered order.,Not Yet Designed,None,None,None -- not released,None,TBD,TBD,Medium,Created in Product Expansion foundation pass (2026-07-25),,
FEAT-0148,Canonical Trade Intelligence Package,12 Trade proposals,"The single, versioned object every downstream consumer (Sage, journal, execution) references.",Already-approved architecture (DS-SIG-005/DS-SCA-029); expansion registry cross-references it.,DS-002,DS-004;DS-008,Designed,Stage 2 -- Usable Paper-Trading Alpha,Critical,Yes,Can Be Added Later Without Current Architectural Work,Windows;Web;iOS;Android,Founder;Customer,,Low,Deterministic-Authoritative,TBD,TBD,The Canonical Trade Intelligence Package assembled for a proposal contains only fields traceable to real market/account data at generation time; no field is fabricated when underlying data is unavailable.,DS-004 DS-ARC-028; DS-008 DS-SCA-029,None,None,None -- not released,None,TBD,TBD,Medium,Created in Product Expansion foundation pass (2026-07-25),,
FEAT-0149,Trade proposal history,12 Trade proposals,Retained record of past proposals and their outcomes.,Support journaling and Sage learning-from-history.,DS-002,,Planned,Stage 3 -- Founder Workstation Beta,Medium,No,Can Be Added Later Without Current Architectural Work,Windows;Web;iOS;Android,Founder;Customer,,Low,N/A,TBD,TBD,"Every trade proposal (approved, rejected, or expired) is retained with its outcome and is retrievable by proposal ID for later review.",Not Yet Designed,None,None,None -- not released,None,TBD,TBD,Low,Created in Product Expansion foundation pass (2026-07-25),,
FEAT-0150,Deterministic Risk Engine,13 Risk and position sizing,"The core, non-bypassable risk-validation authority.",Anchor every order to a single risk authority.,DS-002,DS-004,Planned,Stage 2 -- Usable Paper-Trading Alpha,Critical,Yes,Can Be Added Later Without Current Architectural Work,Windows;Web;iOS;Android,Founder;Customer,,Low,Deterministic-Authoritative,TBD,TBD,"No order reaches the broker without passing through the Risk Engine; a Risk Engine check that has not run cannot be bypassed by any caller, including Sage-originated proposals.",DS-004 DS-ARC-011,None,None,None -- not released,None,TBD,TBD,Medium,Created in Product Expansion foundation pass (2026-07-25),,
FEAT-0151,Risk-based position sizing,13 Risk and position sizing,Position size computed from account risk tolerance and stop distance.,Prevent oversized positions regardless of strategy confidence.,DS-002,,Planned,Stage 5 -- Initial Commercial Release,Critical,Yes,Can Be Added Later Without Current Architectural Work,Windows;Web;iOS;Android,Founder;Customer,,Low,Deterministic-Authoritative,TBD,TBD,Position size returned by risk-based sizing never exceeds the account's configured risk-per-trade limit given the order's stop distance.,Not Yet Designed,None,None,None -- not released,None,TBD,TBD,Low,Created in Product Expansion foundation pass (2026-07-25),,
FEAT-0152,Portfolio exposure checks,13 Risk and position sizing,Aggregate exposure limits checked before a new position is added.,Prevent concentration risk.,DS-002,,Planned,Stage 5 -- Initial Commercial Release,Critical,Yes,Can Be Added Later Without Current Architectural Work,Windows;Web;iOS;Android,Founder;Customer,,Low,Deterministic-Authoritative,TBD,TBD,"An order that would breach a configured portfolio exposure limit (e.g. max sector concentration) is rejected before submission, with the specific limit and computed exposure stated in the rejection.",Not Yet Designed,None,None,None -- not released,None,TBD,TBD,Low,Created in Product Expansion foundation pass (2026-07-25),,
FEAT-0153,Account-specific risk configuration,13 Risk and position sizing,Per-account risk limits distinct from any other account.,See DS-020's multi-account scope.,DS-020,DS-002,Idea,Stage 6 -- Advanced Trading Expansion,High,No,Groundwork Required Now,Windows;Web;iOS;Android,Founder;Customer,,Low,Deterministic-Authoritative,TBD,TBD,"Per-account risk configuration (limits, thresholds) is applied to that account's orders only, and a missing configuration falls back to a documented conservative default, never to ""no limit.""",Not Yet Designed,None,None,None -- not released,None,TBD,TBD,Low,Created in Product Expansion foundation pass (2026-07-25),,
FEAT-0154,Fixed-price stops,14 Stop loss and take profit,Stop order at an explicit price.,Baseline protective-order type.,DS-020,,Planned,Stage 5 -- Initial Commercial Release,Critical,Yes,Can Be Added Later Without Current Architectural Work,Windows;Web;iOS;Android,Founder;Customer,FEAT-0150,Low,Deterministic-Authoritative,TBD,TBD,"A fixed-price stop order submitted at price P triggers a market/limit exit when the last trade crosses P, and is rejected before submission if P is on the wrong side of the current price for the position's direction.",Not Yet Designed,None,None,None -- not released,None,TBD,TBD,Low,Created in Product Expansion foundation pass (2026-07-25),,
FEAT-0155,Percentage stops,14 Stop loss and take profit,Stop order at a percentage distance from entry.,Baseline protective-order type.,DS-020,,Planned,Stage 5 -- Initial Commercial Release,Critical,Yes,Can Be Added Later Without Current Architectural Work,Windows;Web;iOS;Android,Founder;Customer,,Low,Deterministic-Authoritative,TBD,TBD,"A percentage stop computes its trigger price from entry price and the configured percentage at submission time, and is re-validated (not silently recomputed) if entry price changes before fill.",Not Yet Designed,None,None,None -- not released,None,TBD,TBD,Low,Created in Product Expansion foundation pass (2026-07-25),,
FEAT-0156,Fixed-price targets,14 Stop loss and take profit,Take-profit order at an explicit price.,Baseline protective-order type.,DS-020,,Planned,Stage 5 -- Initial Commercial Release,Critical,Yes,Can Be Added Later Without Current Architectural Work,Windows;Web;iOS;Android,Founder;Customer,,Low,Deterministic-Authoritative,TBD,TBD,A fixed-price target order triggers when the last trade crosses the configured price in the position's favorable direction.,Not Yet Designed,None,None,None -- not released,None,TBD,TBD,Low,Created in Product Expansion foundation pass (2026-07-25),,
FEAT-0157,Percentage targets,14 Stop loss and take profit,Take-profit order at a percentage distance from entry.,Baseline protective-order type.,DS-020,,Planned,Stage 5 -- Initial Commercial Release,Critical,Yes,Can Be Added Later Without Current Architectural Work,Windows;Web;iOS;Android,Founder;Customer,,Low,Deterministic-Authoritative,TBD,TBD,"A percentage target computes its trigger price from entry price and the configured percentage, consistent with FEAT-0155's stop-side computation.",Not Yet Designed,None,None,None -- not released,None,TBD,TBD,Low,Created in Product Expansion foundation pass (2026-07-25),,
FEAT-0158,Risk/reward targets,14 Stop loss and take profit,Take-profit derived from a configured risk/reward ratio.,Enforce disciplined reward-to-risk planning.,DS-020,,Planned,Stage 5 -- Initial Commercial Release,High,Yes,Can Be Added Later Without Current Architectural Work,Windows;Web;iOS;Android,Founder;Customer,,Low,Deterministic-Authoritative,TBD,TBD,"A risk/reward target's price is derived from the position's stop distance times the configured ratio, and is rejected before submission if no stop distance is available to derive it from.",Not Yet Designed,None,None,None -- not released,None,TBD,TBD,Low,Created in Product Expansion foundation pass (2026-07-25),,
FEAT-0159,ATR stops,14 Stop loss and take profit,Stop distance derived from Average True Range.,Volatility-adjusted protective stop.,DS-020,,Planned,Stage 5 -- Initial Commercial Release,High,Yes,Can Be Added Later Without Current Architectural Work,Windows;Web;iOS;Android,Founder;Customer,,Low,Deterministic-Authoritative,TBD,TBD,An ATR stop's distance is recomputed from the configured ATR period at order-construction time and is rejected if insufficient history exists to compute ATR.,Not Yet Designed,None,None,None -- not released,None,TBD,TBD,Low,Created in Product Expansion foundation pass (2026-07-25),,
FEAT-0160,Volatility stops,14 Stop loss and take profit,Stop distance derived from a broader volatility measure than ATR alone.,Volatility-adjusted protective stop.,DS-020,,Idea,Stage 6 -- Advanced Trading Expansion,Medium,No,Can Be Added Later Without Current Architectural Work,Windows;Web;iOS;Android,Founder;Customer,,Low,Deterministic-Authoritative,TBD,TBD,A volatility stop's distance is derived from the configured volatility measure and documented as distinct from the ATR-only calculation in FEAT-0159.,Not Yet Designed,None,None,None -- not released,None,TBD,TBD,Low,Created in Product Expansion foundation pass (2026-07-25),,
FEAT-0161,Support/resistance stops,14 Stop loss and take profit,Stop placed at a technical support/resistance level.,Technically-informed protective stop.,DS-020,DS-022,Idea,Stage 6 -- Advanced Trading Expansion,Medium,No,Groundwork Required Now,Windows;Web;iOS;Android,Founder;Customer,,Low,Deterministic-Authoritative,TBD,TBD,A support/resistance stop's price is anchored to a specific identified level and is rejected before submission if no valid level is available.,Not Yet Designed,None,None,None -- not released,None,TBD,TBD,Low,Created in Product Expansion foundation pass (2026-07-25),,
FEAT-0162,Trailing stops,14 Stop loss and take profit,Stop that moves with favorable price movement.,Lock in gains as a position moves favorably.,DS-020,,Planned,Stage 5 -- Initial Commercial Release,Critical,Yes,Can Be Added Later Without Current Architectural Work,Windows;Web;iOS;Android,Founder;Customer,FEAT-0154,Low,Deterministic-Authoritative,TBD,TBD,"A trailing stop's trigger price only ever moves in the position's favorable direction, never backward, and is validated by the Risk Engine on every recalculation, not only at submission.",Not Yet Designed,None,None,None -- not released,None,TBD,TBD,Low,Created in Product Expansion foundation pass (2026-07-25),,
FEAT-0163,Break-even stops,14 Stop loss and take profit,Stop automatically moved to entry price once a profit threshold is reached.,Eliminate downside risk after initial profit.,DS-020,,Planned,Stage 5 -- Initial Commercial Release,High,Yes,Can Be Added Later Without Current Architectural Work,Windows;Web;iOS;Android,Founder;Customer,,Low,Deterministic-Authoritative,TBD,TBD,"A break-even stop moves to (or through, per configuration) entry price once the configured profit threshold is reached, and never moves the stop to a less favorable price than its prior value.",Not Yet Designed,None,None,None -- not released,None,TBD,TBD,Low,Created in Product Expansion foundation pass (2026-07-25),,
FEAT-0164,Time-based exits,14 Stop loss and take profit,Exit a position after a configured time window regardless of price.,Enforce discipline for time-sensitive strategies.,DS-020,,Idea,Stage 6 -- Advanced Trading Expansion,Medium,No,Can Be Added Later Without Current Architectural Work,Windows;Web;iOS;Android,Founder;Customer,,Low,Deterministic-Authoritative,TBD,TBD,"A time-based exit closes the position at or after the configured time window elapses, regardless of price, and logs the elapsed-time trigger distinctly from a price-based trigger.",Not Yet Designed,None,None,None -- not released,None,TBD,TBD,Low,Created in Product Expansion foundation pass (2026-07-25),,
FEAT-0165,Strategy-specific exits,14 Stop loss and take profit,Exit logic defined as part of a specific strategy's own rules.,Support strategy-native exit logic.,DS-020,DS-002,Idea,Stage 6 -- Advanced Trading Expansion,Medium,No,Groundwork Required Now,Windows;Web;iOS;Android,Founder;Customer,,Low,Deterministic-Authoritative,TBD,TBD,"A strategy-specific exit rule executes only for positions opened by that strategy, and is validated by the same deterministic pipeline as a manually-configured exit.",Not Yet Designed,None,None,None -- not released,None,TBD,TBD,Low,Created in Product Expansion foundation pass (2026-07-25),,
FEAT-0166,Multiple targets,14 Stop loss and take profit,More than one take-profit target for a single position.,Support scaled profit-taking.,DS-020,,Planned,Stage 5 -- Initial Commercial Release,High,Yes,Can Be Added Later Without Current Architectural Work,Windows;Web;iOS;Android,Founder;Customer,,Low,Deterministic-Authoritative,TBD,TBD,"A position can carry more than one take-profit target concurrently, with each target's fill independently tracked against the position's remaining size.",Not Yet Designed,None,None,None -- not released,None,TBD,TBD,Low,Created in Product Expansion foundation pass (2026-07-25),,
FEAT-0167,Partial exits,14 Stop loss and take profit,Exit part of a position while leaving the remainder open.,Support the multi-target exit model.,DS-020,,Planned,Stage 5 -- Initial Commercial Release,High,Yes,Can Be Added Later Without Current Architectural Work,Windows;Web;iOS;Android,Founder;Customer,,Low,Deterministic-Authoritative,TBD,TBD,A partial exit reduces position size by the configured amount/percentage and leaves the remainder's existing stop/target orders intact and correctly re-sized.,Not Yet Designed,None,None,None -- not released,None,TBD,TBD,Low,Created in Product Expansion foundation pass (2026-07-25),,
FEAT-0168,Scaling out,14 Stop loss and take profit,Systematic partial-exit schedule as price moves favorably.,Formalize partial-exit behavior.,DS-020,,Planned,Stage 5 -- Initial Commercial Release,Medium,Yes,Can Be Added Later Without Current Architectural Work,Windows;Web;iOS;Android,Founder;Customer,,Low,Deterministic-Authoritative,TBD,TBD,"A scaling-out schedule executes its configured partial exits in sequence as price reaches each level, without requiring manual re-submission between levels.",Not Yet Designed,None,None,None -- not released,None,TBD,TBD,Low,Created in Product Expansion foundation pass (2026-07-25),,
FEAT-0169,Moving stops after Target 1,14 Stop loss and take profit,Automatically adjust the stop once the first target is hit.,Reduce risk after partial profit is realized.,DS-020,,Planned,Stage 5 -- Initial Commercial Release,High,Yes,Can Be Added Later Without Current Architectural Work,Windows;Web;iOS;Android,Founder;Customer,,Low,Deterministic-Authoritative,TBD,TBD,"Once Target 1 fills, the stop for the remaining position moves per the configured rule (e.g. to break-even) automatically, and the adjustment is logged with the triggering fill's ID.",Not Yet Designed,None,None,None -- not released,None,TBD,TBD,Low,Created in Product Expansion foundation pass (2026-07-25),,
FEAT-0170,Broker-native bracket orders,14 Stop loss and take profit,Bracket order submitted natively to the broker where supported.,Prefer broker-native protection when available.,DS-020,DS-002;DS-023,Planned,Stage 5 -- Initial Commercial Release,Critical,Yes,Can Be Added Later Without Current Architectural Work,Windows;Web;iOS;Android,Founder;Customer,FEAT-0191,Low,Deterministic-Authoritative,TBD,TBD,"A bracket order submitted to a broker that supports native brackets is acknowledged by the broker as a single linked entry/stop/target group, confirmed via the broker acknowledgement recorded against the order.",Not Yet Designed,None,None,None -- not released,None,TBD,TBD,Low,Created in Product Expansion foundation pass (2026-07-25),,
FEAT-0171,OCO orders,14 Stop loss and take profit,"One-Cancels-Other order pairing, where the broker supports it.",Prevent duplicate fills across a stop/target pair.,DS-020,DS-002;DS-023,Planned,Stage 5 -- Initial Commercial Release,High,Yes,Can Be Added Later Without Current Architectural Work,Windows;Web;iOS;Android,Founder;Customer,,Low,Deterministic-Authoritative,TBD,TBD,"An OCO pair submitted to a broker that supports OCO results in the fill of one leg automatically canceling the other, confirmed via broker acknowledgement, not by DarkSage inferring cancellation.",Not Yet Designed,None,None,None -- not released,None,TBD,TBD,Low,Created in Product Expansion foundation pass (2026-07-25),,
FEAT-0172,DarkSage-managed protection,14 Stop loss and take profit,Software-managed stop/target monitoring where the broker lacks native bracket/OCO support.,Ensure protective-order behavior even on brokers with limited native support.,DS-020,DS-023,Planned,Stage 5 -- Initial Commercial Release,Critical,Yes,Groundwork Required Now,Windows;Web;iOS;Android,Founder;Customer,FEAT-0191,High,Deterministic-Authoritative,TBD,TBD,"Where the broker lacks native bracket/OCO support, DarkSage-managed protection continuously monitors the position and submits the appropriate exit order when the trigger condition is met, with its own liveness monitored (see FEAT-0247).",Not Yet Designed,None,None,None -- not released,None,TBD,TBD,Low,Created in Product Expansion foundation pass (2026-07-25),,
FEAT-0173,Maximum planned loss,14 Stop loss and take profit,"Hard cap on planned loss for a position, enforced before entry.",Prevent any position from exceeding an acceptable loss.,DS-020,,Planned,Stage 5 -- Initial Commercial Release,Critical,Yes,Can Be Added Later Without Current Architectural Work,Windows;Web;iOS;Android,Founder;Customer,,Low,Deterministic-Authoritative,TBD,TBD,"An order that would create planned loss exceeding the account's configured maximum planned loss is rejected before submission, with the specific limit and computed loss stated in the rejection.",Not Yet Designed,None,None,None -- not released,None,TBD,TBD,Low,Created in Product Expansion foundation pass (2026-07-25),,
FEAT-0174,Position sizing based on stop distance,14 Stop loss and take profit,Size derived jointly from stop distance and account risk tolerance.,See Risk-Based Position Sizing (Risk category); restated here for the exit-planning context.,DS-020,DS-002,Planned,Stage 5 -- Initial Commercial Release,Critical,Yes,Can Be Added Later Without Current Architectural Work,Windows;Web;iOS;Android,Founder;Customer,,Low,Deterministic-Authoritative,TBD,TBD,"Position size is computed as a function of stop distance and the account's configured risk-per-trade; an order sized without a valid stop distance is rejected, not silently defaulted.",Not Yet Designed,None,None,None -- not released,None,TBD,TBD,Low,Created in Product Expansion foundation pass (2026-07-25),,
FEAT-0175,Long-position exit validation,14 Stop loss and take profit,Validation logic specific to long-position exit plans.,Ensure exit-plan correctness per position direction.,DS-020,,Planned,Stage 5 -- Initial Commercial Release,High,Yes,Can Be Added Later Without Current Architectural Work,Windows;Web;iOS;Android,Founder;Customer,,Low,Deterministic-Authoritative,TBD,TBD,Long-position exit validation rejects a stop above entry or a target below entry for a long position.,Not Yet Designed,None,None,None -- not released,None,TBD,TBD,Low,Created in Product Expansion foundation pass (2026-07-25),,
FEAT-0176,Short-position exit validation,14 Stop loss and take profit,Validation logic specific to short-position exit plans.,Ensure exit-plan correctness per position direction.,DS-020,,Planned,Stage 5 -- Initial Commercial Release,High,Yes,Can Be Added Later Without Current Architectural Work,Windows;Web;iOS;Android,Founder;Customer,,Low,Deterministic-Authoritative,TBD,TBD,"Short-position exit validation rejects a stop below entry or a target above entry for a short position, mirroring FEAT-0175 for the opposite direction.",Not Yet Designed,None,None,None -- not released,None,TBD,TBD,Low,Created in Product Expansion foundation pass (2026-07-25),,
FEAT-0177,Options-specific exits,14 Stop loss and take profit,"Exit logic accounting for options-specific mechanics (assignment, expiration).",Support selected options intelligence safely.,DS-020,,Blocked,Stage 6 -- Advanced Trading Expansion,Medium,No,Groundwork Required Now,Windows;Web;iOS;Android,Founder;Customer,FEAT-0213,Low,Deterministic-Authoritative,TBD,TBD,Options-specific exit logic accounts for assignment risk and expiration proximity before allowing an exit plan to be marked approved for an options position.,Not Yet Designed,None,None,None -- not released,Depends on options data provider selection.,TBD,TBD,Low,Created in Product Expansion foundation pass (2026-07-25),,
FEAT-0178,Gap handling,14 Stop loss and take profit,Defined behavior when price gaps through a stop/target.,Prevent undefined behavior on a gap.,DS-020,DS-023,Planned,Stage 5 -- Initial Commercial Release,High,Yes,Can Be Added Later Without Current Architectural Work,Windows;Web;iOS;Android,Founder;Customer,,Low,Deterministic-Authoritative,TBD,TBD,"When price gaps through a stop/target without an intervening trade at the trigger price, the defined gap-handling behavior (documented, not ad hoc) executes and the resulting fill's deviation from the trigger price is recorded.",Not Yet Designed,None,None,None -- not released,None,TBD,TBD,Low,Created in Product Expansion foundation pass (2026-07-25),,
FEAT-0179,Slippage handling,14 Stop loss and take profit,Defined behavior/disclosure when a fill differs from the expected price.,Preserve trust in the exit-plan model.,DS-020,DS-023,Planned,Stage 5 -- Initial Commercial Release,High,Yes,Can Be Added Later Without Current Architectural Work,Windows;Web;iOS;Android,Founder;Customer,,Low,Deterministic-Authoritative,TBD,TBD,"When a fill price differs from the expected trigger price, the deviation (slippage) is computed, recorded against the order, and disclosed to the user.",Not Yet Designed,None,None,None -- not released,None,TBD,TBD,Low,Created in Product Expansion foundation pass (2026-07-25),,
FEAT-0180,Partial-fill handling,14 Stop loss and take profit,Defined behavior when an order is only partially filled.,Prevent undefined state on a partial fill.,DS-020,DS-023,Planned,Stage 5 -- Initial Commercial Release,High,Yes,Can Be Added Later Without Current Architectural Work,Windows;Web;iOS;Android,Founder;Customer,,Low,Deterministic-Authoritative,TBD,TBD,"A partially-filled stop/target order leaves an accurately-sized remainder working, and the fill quantity reconciles against the broker's reported fill within one reconciliation cycle.",Not Yet Designed,None,None,None -- not released,None,TBD,TBD,Low,Created in Product Expansion foundation pass (2026-07-25),,
FEAT-0181,Cancel/replace behavior,14 Stop loss and take profit,Defined behavior when modifying a working stop/target order.,Prevent race conditions on order modification.,DS-020,DS-023,Planned,Stage 5 -- Initial Commercial Release,High,Yes,Can Be Added Later Without Current Architectural Work,Windows;Web;iOS;Android,Founder;Customer,,Low,Deterministic-Authoritative,TBD,TBD,"A cancel/replace on a working stop/target order is atomic from the user's perspective: the old order is confirmed canceled before or simultaneously with the new order's acknowledgement, never leaving both live.",Not Yet Designed,None,None,None -- not released,None,TBD,TBD,Low,Created in Product Expansion foundation pass (2026-07-25),,
FEAT-0182,Mobile stop and target editing,14 Stop loss and take profit,Edit a position's stop/target from the mobile app.,Support remote exit-plan management.,DS-020,DS-016;DS-022,Planned,Stage 5 -- Initial Commercial Release,High,Yes,Can Be Added Later Without Current Architectural Work,iOS;Android,Founder;Customer,,Low,Deterministic-Authoritative,TBD,TBD,"A user can view and edit an open position's stop/target from the mobile app, and the edit passes through the same deterministic validation as a desktop-submitted edit.",Not Yet Designed,None,None,None -- not released,None,TBD,TBD,Low,Created in Product Expansion foundation pass (2026-07-25),,
FEAT-0183,Emergency close,14 Stop loss and take profit,"Immediately close a position at market, bypassing normal exit-plan sequencing.","Give the user a fast, unambiguous way out during an emergency.",DS-020,DS-023;DS-016;DS-022,Planned,Stage 5 -- Initial Commercial Release,Critical,Yes,Can Be Added Later Without Current Architectural Work,Windows;Web;iOS;Android,Founder;Customer,,Low,Deterministic-Authoritative,TBD,TBD,"Emergency close submits a market order to flatten the position immediately, bypassing normal exit-plan sequencing but still subject to the Risk Engine's basic sanity checks (e.g. duplicate-submission prevention).",Not Yet Designed,None,None,None -- not released,None,TBD,TBD,Low,Created in Product Expansion foundation pass (2026-07-25),,
FEAT-0184,Exits-only mode,14 Stop loss and take profit,"Account/strategy mode that permits only exit actions, no new entries.",De-risk an account without fully halting it.,DS-020,DS-016;DS-022,Planned,Stage 5 -- Initial Commercial Release,High,Yes,Can Be Added Later Without Current Architectural Work,Windows;Web;iOS;Android,Founder;Customer,,Low,Deterministic-Authoritative,TBD,TBD,"In exits-only mode, any attempt to submit a new entry order is rejected before reaching the broker, while exit orders for existing positions are still accepted.",Not Yet Designed,None,None,None -- not released,None,TBD,TBD,Low,Created in Product Expansion foundation pass (2026-07-25),,
FEAT-0185,Global kill switch,14 Stop loss and take profit,Halt all new order submission across the entire system.,Ultimate safety control.,DS-020,DS-023,Planned,Stage 5 -- Initial Commercial Release,Critical,Yes,Can Be Added Later Without Current Architectural Work,Windows;Web;iOS;Android,Founder;Customer,FEAT-0191,High,Deterministic-Authoritative,TBD,TBD,"Activating the global kill switch halts all new order submission across every account/strategy/broker connection within one request cycle, verified against the actual order-submission path (FEAT-0191), not a UI-only flag.",Not Yet Designed,None,None,None -- not released,None,TBD,TBD,Low,Created in Product Expansion foundation pass (2026-07-25),,
FEAT-0186,Account-level kill switch,14 Stop loss and take profit,Halt new order submission for a single account.,Contain risk to one account.,DS-020,DS-023,Planned,Stage 5 -- Initial Commercial Release,Critical,Yes,Can Be Added Later Without Current Architectural Work,Windows;Web;iOS;Android,Founder;Customer,,High,Deterministic-Authoritative,TBD,TBD,"An account-level kill switch halts new order submission for that account only, leaving other accounts unaffected.",Not Yet Designed,None,None,None -- not released,None,TBD,TBD,Low,Created in Product Expansion foundation pass (2026-07-25),,
FEAT-0187,Broker-level kill switch,14 Stop loss and take profit,Halt new order submission routed through a specific broker connection.,Contain risk to one broker integration.,DS-020,DS-023,Planned,Stage 5 -- Initial Commercial Release,High,Yes,Can Be Added Later Without Current Architectural Work,Windows;Web;iOS;Android,Founder;Customer,,High,Deterministic-Authoritative,TBD,TBD,"A broker-level kill switch halts new order submission routed through that broker connection only, leaving other broker connections unaffected.",Not Yet Designed,None,None,None -- not released,None,TBD,TBD,Low,Created in Product Expansion foundation pass (2026-07-25),,
FEAT-0188,Strategy-level kill switch,14 Stop loss and take profit,Halt a specific automated strategy without affecting others.,Contain risk to one misbehaving strategy.,DS-020,DS-023,Planned,Stage 5 -- Initial Commercial Release,High,Yes,Can Be Added Later Without Current Architectural Work,Windows;Web;iOS;Android,Founder;Customer,,High,Deterministic-Authoritative,TBD,TBD,"A strategy-level kill switch halts new automated orders from that strategy only, leaving manual orders and other strategies unaffected.",Not Yet Designed,None,None,None -- not released,None,TBD,TBD,Low,Created in Product Expansion foundation pass (2026-07-25),,
FEAT-0189,Rejection explanations,14 Stop loss and take profit,"Every deterministic rejection states a specific, human-readable reason.",Preserve trust and support troubleshooting.,DS-020,DS-002;DS-023,Planned,Stage 5 -- Initial Commercial Release,High,Yes,Can Be Added Later Without Current Architectural Work,Windows;Web;iOS;Android,Founder;Customer,,Low,Deterministic-Authoritative,TBD,TBD,"Every deterministic rejection returns a specific, human-readable reason naming the exact rule that failed; a generic ""rejected"" message with no reason is treated as a defect.",Not Yet Designed,None,None,None -- not released,None,TBD,TBD,Low,Created in Product Expansion foundation pass (2026-07-25),,
FEAT-0190,Approved deterministic exit plan requirement,14 Stop loss and take profit,"Automated entries normally require an approved, deterministic exit plan before submission.",Prevent an automated entry from ever existing without a defined risk boundary.,DS-020,DS-002;DS-003,Designed,Stage 5 -- Initial Commercial Release,Critical,Yes,Can Be Added Later Without Current Architectural Work,Windows;Web;iOS;Android,Founder;Customer,FEAT-0150;FEAT-0139,High,Deterministic-Authoritative,TBD,TBD,"An automated entry without an approved deterministic exit plan is rejected before submission; Sage can propose an exit plan but cannot mark it approved, and cannot bypass this check under any configuration.",ADR-002 (Sage Cannot Bypass the Risk Engine),None,None,None -- not released,None,TBD,TBD,Medium,Created in Product Expansion foundation pass (2026-07-25),,
FEAT-0191,Broker/execution integration (core),15 Order management and execution,Backend-authoritative order routing to connected brokers.,"Single, auditable path from decision to execution.",DS-002,DS-004,Planned,Stage 3 -- Founder Workstation Beta,Critical,Yes,Can Be Added Later Without Current Architectural Work,Windows;Web;iOS;Android,Founder;Customer,,High,Deterministic-Authoritative,TBD,TBD,"Every order submission, modification, and cancellation is routed through the single core execution integration; no feature has an independent path to a broker.",Not Yet Designed,None,None,None -- not released,None,TBD,TBD,Medium,Created in Product Expansion foundation pass (2026-07-25),,
FEAT-0192,Order lifecycle reconciliation,15 Order management and execution,Continuous reconciliation between DarkSage's order records and broker reality.,Prevent silent divergence between recorded and actual order state.,DS-023,DS-002,Planned,Stage 4 -- Customer Cloud Beta,Critical,Yes,Groundwork Required Now,Windows;Web;iOS;Android,Founder;Customer,FEAT-0191,High,Deterministic-Authoritative,TBD,TBD,"DarkSage's recorded order/position state matches the broker's reported state within a defined reconciliation interval; a detected divergence is surfaced as an explicit alert, never silently auto-corrected without logging.",Not Yet Designed,None,None,None -- not released,None,TBD,TBD,Low,Created in Product Expansion foundation pass (2026-07-25); Initial-release status repair (2026-07-26): reclassified Idea -> Planned. Reason: Order lifecycle reconciliation is a safety-critical prerequisite for any customer live-trading release; recorded/actual order-state divergence is unacceptable at commercial launch.,,
FEAT-0193,Level II,15 Order management and execution,Level II order-book depth display.,Advanced execution-context tool.,DS-022,,Idea,Stage 7 -- Platform and TradingView-Style Expansion,Low,No,Can Be Added Later Without Current Architectural Work,Windows;Web;iOS;Android,Founder;Customer,,Low,Informational,TBD,TBD,TBD -- requirement not yet fully drafted,Not Yet Designed,None,None,None -- not released,None,TBD,TBD,Low,Created in Product Expansion foundation pass (2026-07-25),,
FEAT-0194,Depth of Market,15 Order management and execution,DOM ladder-style order-book visualization.,Advanced execution-context tool.,DS-022,,Idea,Stage 7 -- Platform and TradingView-Style Expansion,Low,No,Can Be Added Later Without Current Architectural Work,Windows;Web;iOS;Android,Founder;Customer,,Low,Informational,TBD,TBD,TBD -- requirement not yet fully drafted,Not Yet Designed,None,None,None -- not released,None,TBD,TBD,Low,Created in Product Expansion foundation pass (2026-07-25),,
FEAT-0195,Time and sales,15 Order management and execution,Tape of executed trades.,Advanced execution-context tool.,DS-022,,Idea,Stage 7 -- Platform and TradingView-Style Expansion,Low,No,Can Be Added Later Without Current Architectural Work,Windows;Web;iOS;Android,Founder;Customer,,Low,Informational,TBD,TBD,TBD -- requirement not yet fully drafted,Not Yet Designed,None,None,None -- not released,None,TBD,TBD,Low,Created in Product Expansion foundation pass (2026-07-25),,
FEAT-0196,Order ladder,15 Order management and execution,Click-to-trade ladder interface tied to DOM.,Fast professional order entry.,DS-022,,Idea,Stage 7 -- Platform and TradingView-Style Expansion,Low,No,Groundwork Required Now,Windows;Web;iOS;Android,Founder;Customer,,Medium,Deterministic-Authoritative,TBD,TBD,"The order ladder displays live bid/ask depth for a symbol and allows order placement at a selected price level, subject to the same deterministic validation as any other order entry point.",Not Yet Designed,None,None,None -- not released,None,TBD,TBD,Low,Created in Product Expansion foundation pass (2026-07-25),,
FEAT-0197,Hotkeys,15 Order management and execution,Keyboard shortcuts for common trading actions.,Speed for professional workflows.,DS-022,,Idea,Stage 6 -- Advanced Trading Expansion,Medium,No,Can Be Added Later Without Current Architectural Work,Windows;Web;iOS;Android,Founder;Customer,,Medium,Deterministic-Authoritative,TBD,TBD,"A configured hotkey submits the exact order it is bound to, with no ambiguity about symbol/side/size at the moment of the keypress.",Not Yet Designed,None,None,None -- not released,None,TBD,TBD,Low,Created in Product Expansion foundation pass (2026-07-25),,
FEAT-0198,Hotkey safety,15 Order management and execution,Confirmation/guard rails preventing accidental hotkey-triggered orders.,Prevent fat-finger execution errors.,DS-022,,Idea,Stage 6 -- Advanced Trading Expansion,High,No,Groundwork Required Now,Windows;Web;iOS;Android,Founder;Customer,,Medium,Deterministic-Authoritative,TBD,TBD,"A hotkey bound to an order-submitting action requires the configured confirmation step (per FEAT-0197's safety design) before the order reaches validation, preventing accidental submission.",Not Yet Designed,None,None,None -- not released,None,TBD,TBD,Low,Created in Product Expansion foundation pass (2026-07-25),,
FEAT-0199,Order templates,15 Order management and execution,"Saved, reusable order configurations.",Speed up repeated order entry.,DS-002,,Idea,Stage 6 -- Advanced Trading Expansion,Low,No,Can Be Added Later Without Current Architectural Work,Windows;Web;iOS;Android,Founder;Customer,,Low,Informational,TBD,TBD,TBD -- requirement not yet fully drafted,Not Yet Designed,None,None,None -- not released,None,TBD,TBD,Low,Created in Product Expansion foundation pass (2026-07-25),,
FEAT-0200,Partial-fill visualization,15 Order management and execution,Clear UI indication of a partially-filled order's state.,See Partial-Fill Handling (Stop Loss/Take Profit category).,DS-022,DS-020,Idea,Stage 6 -- Advanced Trading Expansion,Medium,No,Can Be Added Later Without Current Architectural Work,Windows;Web;iOS;Android,Founder;Customer,,Low,Informational,TBD,TBD,TBD -- requirement not yet fully drafted,Not Yet Designed,None,None,None -- not released,None,TBD,TBD,Low,Created in Product Expansion foundation pass (2026-07-25),,
FEAT-0201,Bracket visualization,15 Order management and execution,Clear UI visualization of a bracket order's entry/stop/target legs.,Make protective-order structure visible.,DS-022,DS-020,Idea,Stage 6 -- Advanced Trading Expansion,Medium,No,Can Be Added Later Without Current Architectural Work,Windows;Web;iOS;Android,Founder;Customer,,Low,Informational,TBD,TBD,TBD -- requirement not yet fully drafted,Not Yet Designed,None,None,None -- not released,None,TBD,TBD,Low,"Created in Product Expansion foundation pass (2026-07-25) Initial-release status repair (2026-07-26): initial_release_required changed Yes -> No, release_stage changed Stage 5 -> Stage 6. Reason: broker-native bracket orders (FEAT-0170) and OCO orders (FEAT-0171) are independently functional and inspectable via standard order/position views without a dedicated bracket diagram; the polished visual bracket overlay is a UX enhancement, not a launch-blocking safety or commercial requirement.",,
FEAT-0202,Five-mode automation reconciliation,16 Automation,The already-approved five automation modes (ADR-005) governing manual-through-automated trading.,Already-approved architecture; expansion registry cross-references it.,DS-011,DS-012,Designed,Stage 2 -- Usable Paper-Trading Alpha,Critical,Yes,Can Be Added Later Without Current Architectural Work,Windows;Web;iOS;Android,Founder;Customer,,Medium,Deterministic-Authoritative,TBD,TBD,"Each of the five automation modes has a distinct, testable behavior boundary, and a position/order can be unambiguously attributed to exactly one mode at any time.",ADR-005 (Five Automation Modes),None,None,None -- not released,None,TBD,TBD,Medium,Created in Product Expansion foundation pass (2026-07-25),,
FEAT-0203,Strategy-driven automated entries,16 Automation,Automated order submission driven by a validated strategy signal.,"Core automation capability, always paired with an approved exit plan.",DS-002,DS-020,Planned,Stage 6 -- Advanced Trading Expansion,High,No,Can Be Added Later Without Current Architectural Work,Windows;Web;iOS;Android,Founder;Customer,FEAT-0190,High,Deterministic-Authoritative,TBD,TBD,A strategy-driven automated entry is rejected before submission if it lacks an approved deterministic exit plan (see FEAT-0190).,Not Yet Designed,None,None,None -- not released,None,TBD,TBD,Low,Created in Product Expansion foundation pass (2026-07-25),,
FEAT-0204,Automation blackout controls,16 Automation,See Strategy Blackout Periods (Research/News category).,Cross-reference for completeness.,DS-002,DS-020,Idea,Stage 6 -- Advanced Trading Expansion,Medium,No,Groundwork Required Now,Windows;Web;iOS;Android,Founder;Customer,,Low,Deterministic-Authoritative,TBD,TBD,"An automation blackout control prevents new automated orders during its configured window, mirroring FEAT-0108 at the automation-engine level.",Not Yet Designed,None,None,None -- not released,None,TBD,TBD,Low,Created in Product Expansion foundation pass (2026-07-25),,
FEAT-0205,Portfolio tracking (core),17 Portfolios and accounts,"Aggregate view of holdings, performance, and exposure.",Core account-level visibility.,DS-002,,Planned,Stage 2 -- Usable Paper-Trading Alpha,Critical,Yes,Can Be Added Later Without Current Architectural Work,Windows;Web;iOS;Android,Founder;Customer,,Low,Deterministic-Authoritative,TBD,TBD,"Portfolio tracking reflects the account's actual broker-confirmed positions, reconciled against FEAT-0192, not merely DarkSage's locally-recorded order history.",Not Yet Designed,None,None,None -- not released,None,TBD,TBD,Medium,Created in Product Expansion foundation pass (2026-07-25),,
FEAT-0206,Multi-account trading,17 Portfolios and accounts,"A user operates more than one account, each independently risk-validated.",See DS-020 for full detail.,DS-020,DS-002,Idea,Stage 6 -- Advanced Trading Expansion,High,No,Groundwork Required Now,Windows;Web;iOS;Android,Founder;Customer,FEAT-0150,High,Deterministic-Authoritative,TBD,TBD,Each account in a multi-account setup is independently risk-validated by the Risk Engine; no order in one account can be sized or approved using another account's risk budget.,Not Yet Designed,None,None,None -- not released,None,TBD,TBD,Low,Created in Product Expansion foundation pass (2026-07-25),,
FEAT-0207,Multi-user workspaces,17 Portfolios and accounts,Roles/permissions for more than one user in a shared workspace.,See DS-020 for full detail.,DS-020,,Idea,Stage 6 -- Advanced Trading Expansion,Medium,No,Groundwork Required Now,Windows;Web;iOS;Android,Founder;Customer,,Medium,Deterministic-Authoritative,TBD,TBD,A multi-user workspace enforces its configured roles/permissions; a user without a granted permission cannot perform the corresponding action (e.g. submit an order) in that workspace.,Not Yet Designed,None,None,None -- not released,None,TBD,TBD,Low,Created in Product Expansion foundation pass (2026-07-25),,
FEAT-0208,Delegated approvals,17 Portfolios and accounts,"One user authorizes another (or automation) within explicit, scoped, revocable limits.",See DS-020 for full detail.,DS-020,,Idea,Stage 6 -- Advanced Trading Expansion,Medium,No,Groundwork Required Now,Windows;Web;iOS;Android,Founder;Customer,,High,Deterministic-Authoritative,TBD,TBD,A delegated approval is scoped to the specific action/limit it was granted for and is independently revocable without affecting other delegations.,Not Yet Designed,None,None,None -- not released,None,TBD,TBD,Low,Created in Product Expansion foundation pass (2026-07-25),,
FEAT-0209,Structured trade journal (DS-JRN-001),18 Journaling and reviews,"Structured capture of thesis, execution, outcome, and lessons per trade.",Already-approved requirement; expansion registry cross-references it.,DS-002,,Planned,Stage 5 -- Initial Commercial Release,High,Yes,Can Be Added Later Without Current Architectural Work,Windows;Web;iOS;Android,Founder;Customer,,Low,Deterministic-Authoritative,TBD,TBD,"A journal entry captures thesis, execution, and outcome fields for a specific trade and is retrievable by that trade's identifier.",docs/codex/Volume-02-Product/requirements/DS-JRN-Journal-and-Review.md,None,None,None -- not released,None,TBD,TBD,Medium,Created in Product Expansion foundation pass (2026-07-25),,
FEAT-0210,Daily/weekly review (DS-JRN-003/004),18 Journaling and reviews,Structured daily/weekly performance and discipline review.,Already-approved requirement; expansion registry cross-references it.,DS-002,,Planned,Stage 5 -- Initial Commercial Release,High,No,Can Be Added Later Without Current Architectural Work,Windows;Web;iOS;Android,Founder;Customer,,Low,Deterministic-Authoritative,TBD,TBD,A daily/weekly review aggregates the period's journal entries into the defined summary fields without requiring manual re-entry of trade data.,docs/codex/Volume-02-Product/requirements/DS-JRN-Journal-and-Review.md,None,None,None -- not released,None,TBD,TBD,Medium,Created in Product Expansion foundation pass (2026-07-25),,
FEAT-0211,Journal retention and deletion (DS-JRN-007),18 Journaling and reviews,User-controlled retention/deletion of journal content.,Already-approved requirement; expansion registry cross-references it.,DS-002,DS-023,Designed,Stage 5 -- Initial Commercial Release,High,Yes,Can Be Added Later Without Current Architectural Work,Windows;Web;iOS;Android,Founder;Customer,,Low,Deterministic-Authoritative,TBD,TBD,"A user can delete their own journal content and it is removed within the account's documented retention/deletion window, consistent with DS-JRN-007.",docs/codex/Volume-02-Product/requirements/DS-JRN-Journal-and-Review.md,None,None,None -- not released,None,TBD,TBD,Medium,Created in Product Expansion foundation pass (2026-07-25),,
FEAT-0212,Safe progression (DS-JRN-006),18 Journaling and reviews,"Optional gamified progression rewarding process discipline, not raw activity.",Already-approved as Future/Exploratory; carried forward unchanged (never Planned).,DS-002,,Future,Stage 8 -- Strategy Ecosystem and Private Collaboration,Low,No,Can Be Added Later Without Current Architectural Work,Windows;Web;iOS;Android,Founder;Customer,,Low,N/A,TBD,TBD,TBD -- requirement not yet fully drafted,docs/codex/Volume-02-Product/requirements/DS-JRN-Journal-and-Review.md,None,None,None -- not released,None,TBD,TBD,Low,Created in Product Expansion foundation pass (2026-07-25),,
FEAT-0213,Selected options intelligence (product),19 Options,The Stage 5 initial-release scope of options-related features.,See Market Data category's data-layer entry; this is the product-feature layer.,DS-002,,Planned,Stage 5 -- Initial Commercial Release,High,Yes,Groundwork Required Now,Windows;Web;iOS;Android,Founder;Customer,,Low,N/A,TBD,TBD,The Stage 5 options-intelligence scope is limited to the specific capabilities enumerated for initial release; any options capability outside that enumerated scope is explicitly out of scope for Stage 5.,Not Yet Designed,None,None,None -- not released,Depends on options data provider selection.,TBD,TBD,Low,Created in Product Expansion foundation pass (2026-07-25),,
FEAT-0214,Full options-chain analytics (future),19 Options,Complete options-chain/greeks analytics suite.,Long-term options-feature completeness.,DS-002,,Future,Stage 7 -- Platform and TradingView-Style Expansion,Low,No,Can Be Added Later Without Current Architectural Work,Windows;Web;iOS;Android,Founder;Customer,,Low,N/A,TBD,TBD,TBD -- requirement not yet fully drafted,Not Yet Designed,None,None,None -- not released,None,TBD,TBD,Low,Created in Product Expansion foundation pass (2026-07-25),,
FEAT-0215,Tax reporting,20 Tax and budget,Realized gain/loss and tax-lot reporting.,Support year-end tax preparation from trading activity.,DS-002,,Idea,Stage 7 -- Platform and TradingView-Style Expansion,Medium,No,Can Be Added Later Without Current Architectural Work,Windows;Web;iOS;Android,Founder;Customer,,Low,N/A,TBD,TBD,TBD -- requirement not yet fully drafted,docs/development/DARKSAGE_FOUNDER_IDEA_COVERAGE.md row #13 (backlog),None,None,None -- not released,None,TBD,TBD,Low,Created in Product Expansion foundation pass (2026-07-25),,
FEAT-0216,Budgeting tools,20 Tax and budget,Personal budgeting features connected to trading/portfolio activity.,Broaden personal-finance value beyond trading alone.,DS-002,,Idea,Stage 8 -- Strategy Ecosystem and Private Collaboration,Low,No,Can Be Added Later Without Current Architectural Work,Windows;Web;iOS;Android,Founder;Customer,,Low,N/A,TBD,TBD,TBD -- requirement not yet fully drafted,docs/development/DARKSAGE_FOUNDER_IDEA_COVERAGE.md row #14 (backlog),None,None,None -- not released,None,TBD,TBD,Low,Created in Product Expansion foundation pass (2026-07-25),,
FEAT-0217,Private collaboration,21 Collaboration and social,"Share research/watchlists within a private, invited group.",Support small-team/friend-group collaboration without a public network.,DS-022,DS-020,Idea,Stage 8 -- Strategy Ecosystem and Private Collaboration,Medium,No,Groundwork Required Now,Windows;Web;iOS;Android,Founder;Customer,,Low,N/A,TBD,TBD,TBD -- requirement not yet fully drafted,Not Yet Designed,None,None,None -- not released,None,TBD,TBD,Low,Created in Product Expansion foundation pass (2026-07-25),,
FEAT-0218,Shared research,21 Collaboration and social,Share a research note/thesis with a private collaborator.,See Private Collaboration.,DS-022,,Idea,Stage 8 -- Strategy Ecosystem and Private Collaboration,Low,No,Groundwork Required Now,Windows;Web;iOS;Android,Founder;Customer,,Low,N/A,TBD,TBD,TBD -- requirement not yet fully drafted,Not Yet Designed,None,None,None -- not released,None,TBD,TBD,Low,Created in Product Expansion foundation pass (2026-07-25),,
FEAT-0219,Shared watchlists (private),21 Collaboration and social,Share a watchlist within a private team.,See Private Collaboration.,DS-022,,Idea,Stage 8 -- Strategy Ecosystem and Private Collaboration,Low,No,Groundwork Required Now,Windows;Web;iOS;Android,Founder;Customer,,Low,N/A,TBD,TBD,TBD -- requirement not yet fully drafted,Not Yet Designed,None,None,None -- not released,None,TBD,TBD,Low,Created in Product Expansion foundation pass (2026-07-25),,
FEAT-0220,Private teams,21 Collaboration and social,Named private group with membership and permissions.,Structural basis for private collaboration.,DS-022,DS-020,Idea,Stage 8 -- Strategy Ecosystem and Private Collaboration,Medium,No,Groundwork Required Now,Windows;Web;iOS;Android,Founder;Customer,,Medium,Deterministic-Authoritative,TBD,TBD,"A private team's content/activity is visible only to its named members, verified by attempting access as a non-member.",Not Yet Designed,None,None,None -- not released,None,TBD,TBD,Low,Created in Product Expansion foundation pass (2026-07-25),,
FEAT-0221,Paper-trading competitions,21 Collaboration and social,Structured paper-trading competitions among users.,Engagement/education feature.,DS-022,,Idea,Stage 8 -- Strategy Ecosystem and Private Collaboration,Low,No,Can Be Added Later Without Current Architectural Work,Windows;Web;iOS;Android,Founder;Customer,,Low,N/A,TBD,TBD,TBD -- requirement not yet fully drafted,Not Yet Designed,None,None,None -- not released,None,TBD,TBD,Low,Created in Product Expansion foundation pass (2026-07-25),,
FEAT-0222,Creator profiles,21 Collaboration and social,Public profile for a strategy/content creator.,Foundation for the developer/creator ecosystem.,DS-022,,Idea,Stage 8 -- Strategy Ecosystem and Private Collaboration,Low,No,Groundwork Required Now,Windows;Web;iOS;Android,Founder;Customer,,Low,N/A,TBD,TBD,TBD -- requirement not yet fully drafted,Not Yet Designed,None,None,None -- not released,None,TBD,TBD,Low,Created in Product Expansion foundation pass (2026-07-25),,
FEAT-0223,Strategy distribution,21 Collaboration and social,Mechanism for a creator to distribute a strategy to other users.,Long-term ecosystem capability.,DS-022,DS-002,Idea,Stage 8 -- Strategy Ecosystem and Private Collaboration,Low,No,Groundwork Required Now,Windows;Web;iOS;Android,Founder;Customer,,High,Deterministic-Authoritative,TBD,TBD,A creator can distribute a strategy to another named user/team without exposing the strategy's underlying source beyond the distribution's configured permission (e.g. run-only vs. view-source).,Not Yet Designed,None,None,None -- not released,None,TBD,TBD,Low,Created in Product Expansion foundation pass (2026-07-25),,
FEAT-0224,Verified performance,21 Collaboration and social,Independently-verified (not self-reported) performance track record for a distributed strategy.,Prevent unverified performance claims (explicitly rejected as a launch capability without verification).,DS-022,DS-002,Idea,Stage 8 -- Strategy Ecosystem and Private Collaboration,Medium,No,Groundwork Required Now,Windows;Web;iOS;Android,Founder;Customer,,High,Deterministic-Authoritative,TBD,TBD,No performance claim is ever presented without an independent verification mechanism.,Not Yet Designed,None,None,None -- not released,None,TBD,TBD,Low,Created in Product Expansion foundation pass (2026-07-25),,
FEAT-0225,Public strategy marketplace (long-term backlog),21 Collaboration and social,Public marketplace for buying/selling/distributing strategies.,Long-term ecosystem monetization; explicitly not part of initial release.,DS-022,,Idea,"Stage 9 -- Marketplace, Global, and Institutional Expansion",Low,No,Decision Pending,Windows;Web;iOS;Android,Founder;Customer,FEAT-0224;FEAT-0261,High,Deterministic-Authoritative,TBD,TBD,No strategy appears in the public marketplace without a verified performance record (FEAT-0224) and an assigned version (FEAT-0261).,Not Yet Designed,None,None,None -- not released,None,TBD,TBD,Low,Created in Product Expansion foundation pass (2026-07-25),,
FEAT-0226,Anonymous public copy trading (explicitly rejected at launch),21 Collaboration and social,"Unverified, anonymous copy-trading of another user's activity.",Explicitly rejected as a launch capability due to unverified-performance and safety risk.,DS-022,,Deprecated,"Stage 9 -- Marketplace, Global, and Institutional Expansion",Low,No,Explicitly Rejected,Windows;Web;iOS;Android,Founder;Customer,,Critical,Deterministic-Authoritative,TBD,TBD,"No anonymous public copy-trading capability exists in any release prior to a dedicated future verification/safety redesign; the capability is absent, not merely hidden.",Not Yet Designed,None,None,None -- not released,None,TBD,TBD,Low,Created in Product Expansion foundation pass (2026-07-25),,Never implemented; explicitly rejected at launch per foundation instructions. May be revisited only with full verification/safety design in a future pass.
FEAT-0227,Public paid signal marketplace (explicitly rejected at launch),21 Collaboration and social,"Marketplace for paid, unverified trading signals.",Explicitly rejected as a launch capability due to unverified-claim and safety risk.,DS-022,,Deprecated,"Stage 9 -- Marketplace, Global, and Institutional Expansion",Low,No,Explicitly Rejected,Windows;Web;iOS;Android,Founder;Customer,,Critical,Deterministic-Authoritative,TBD,TBD,"No public paid-signal marketplace capability exists in any release; the capability is absent, not merely hidden.",Not Yet Designed,None,None,None -- not released,None,TBD,TBD,Low,Created in Product Expansion foundation pass (2026-07-25),,Never implemented; explicitly rejected at launch per foundation instructions.
FEAT-0228,iPhone companion app,22 Mobile,Native iOS companion application.,Support the Stage 5 mobile-companion commitment.,DS-016,DS-002,Planned,Stage 5 -- Initial Commercial Release,Critical,Yes,Can Be Added Later Without Current Architectural Work,iOS,Founder;Customer,,Low,N/A,TBD,TBD,"The iOS companion app installs from the App Store and authenticates against the same account system as desktop/web, with feature scope limited to what DS-016 defines for mobile.",Not Yet Designed,None,None,None -- not released,None,TBD,TBD,Low,Created in Product Expansion foundation pass (2026-07-25),,
FEAT-0229,Android companion app,22 Mobile,Native Android companion application.,Support the Stage 5 mobile-companion commitment.,DS-016,DS-002,Planned,Stage 5 -- Initial Commercial Release,Critical,Yes,Can Be Added Later Without Current Architectural Work,Android,Founder;Customer,,Low,N/A,TBD,TBD,"The Android companion app installs from the Play Store and authenticates against the same account system as desktop/web, mirroring FEAT-0228 for Android.",Not Yet Designed,None,None,None -- not released,None,TBD,TBD,Low,Created in Product Expansion foundation pass (2026-07-25),,
FEAT-0230,Mobile kill switches,22 Mobile,Remote kill-switch control from a mobile device.,See DS-020 for full detail.,DS-020,DS-016,Planned,Stage 5 -- Initial Commercial Release,Critical,Yes,Can Be Added Later Without Current Architectural Work,iOS;Android,Founder;Customer,FEAT-0185;FEAT-0228;FEAT-0229,High,Deterministic-Authoritative,TBD,TBD,"A mobile-triggered kill switch (any scope) has the identical halting effect as the same kill switch triggered from desktop, verified against the same order-submission path.",Not Yet Designed,None,None,None -- not released,None,TBD,TBD,Low,Created in Product Expansion foundation pass (2026-07-25),,
FEAT-0231,Web account/dashboard,23 Web,Authenticated web surface for account/dashboard management.,Support the Stage 5 web commitment.,DS-016,,Planned,Stage 4 -- Customer Cloud Beta,Critical,Yes,Can Be Added Later Without Current Architectural Work,Web,Founder;Customer,,Low,N/A,TBD,TBD,The web account/dashboard surface authenticates against the same account system as desktop/mobile and reflects the same entitlement state.,Not Yet Designed,None,None,None -- not released,None,TBD,TBD,Low,Created in Product Expansion foundation pass (2026-07-25),,
FEAT-0232,Public marketing website,23 Web,"Public, unauthenticated informational/marketing site.","Customer acquisition surface, distinct from the authenticated web dashboard.",DS-022,,Idea,Stage 4 -- Customer Cloud Beta,Medium,No,Can Be Added Later Without Current Architectural Work,Web,N/A,,Low,N/A,TBD,TBD,TBD -- requirement not yet fully drafted,Not Yet Designed,None,None,None -- not released,None,TBD,TBD,Low,Created in Product Expansion foundation pass (2026-07-25),,
FEAT-0233,Windows desktop packaging,24 Platforms and distribution,Installer/auto-update packaging for the primary desktop platform.,Primary platform for the Founder Workstation and initial release.,DS-016,,Planned,Stage 1 -- Local Technical Foundation,Critical,Yes,Can Be Added Later Without Current Architectural Work,Windows,Founder;Customer,,Low,N/A,TBD,TBD,The Windows desktop installer installs and auto-updates the application without requiring manual file replacement by the user.,Not Yet Designed,None,None,None -- not released,None,TBD,TBD,Medium,Created in Product Expansion foundation pass (2026-07-25),,
FEAT-0234,macOS packaging (backlog),24 Platforms and distribution,macOS-native packaging.,Not scheduled; groundwork tracked only.,DS-016,,Idea,Stage 7 -- Platform and TradingView-Style Expansion,Low,No,Decision Pending,macOS,Founder;Customer,,Low,N/A,TBD,TBD,TBD -- requirement not yet fully drafted,Not Yet Designed,None,None,None -- not released,None,TBD,TBD,Low,Created in Product Expansion foundation pass (2026-07-25),,
FEAT-0235,Linux packaging compatibility,24 Platforms and distribution,Groundwork ensuring the build system is capable of Linux packaging later.,"Groundwork Required Now per foundation instructions, even though no Linux release is scheduled.",DS-016,,Idea,Stage 7 -- Platform and TradingView-Style Expansion,Low,No,Groundwork Required Now,Linux,Founder;Customer,,Low,N/A,TBD,TBD,TBD -- requirement not yet fully drafted,Not Yet Designed,None,None,None -- not released,None,TBD,TBD,Low,Created in Product Expansion foundation pass (2026-07-25),,
FEAT-0236,Release channel model,24 Platforms and distribution,Stable/beta/internal release channels.,Support staged rollout of new capability.,DS-016,,Idea,Stage 3 -- Founder Workstation Beta,Medium,No,Groundwork Required Now,Windows;Web;iOS;Android,Founder;Customer,,Low,N/A,TBD,TBD,TBD -- requirement not yet fully drafted,Not Yet Designed,None,None,None -- not released,None,TBD,TBD,Low,Created in Product Expansion foundation pass (2026-07-25),,
FEAT-0237,Subscription billing,25 Subscriptions and entitlements,Core recurring-billing mechanics.,Monetize the Customer Edition.,DS-019,,Planned,Stage 5 -- Initial Commercial Release,Critical,Yes,Can Be Added Later Without Current Architectural Work,Windows;Web;iOS;Android,Customer,,Low,N/A,TBD,TBD,A subscription tier's billing state transitions (active/past-due/canceled) are reflected in the account's entitlements within one billing-webhook processing cycle.,Not Yet Designed,None,None,None -- not released,None,TBD,TBD,Low,Created in Product Expansion foundation pass (2026-07-25),,
FEAT-0238,Trials,25 Subscriptions and entitlements,Time-limited trial access before paid conversion.,Reduce friction to first value.,DS-019,,Planned,Stage 5 -- Initial Commercial Release,High,Yes,Can Be Added Later Without Current Architectural Work,Windows;Web;iOS;Android,Customer,,Low,N/A,TBD,TBD,"A trial account's entitlements match its trial tier exactly and revert to the free/base tier automatically at trial expiry, with no manual step required.",Not Yet Designed,None,None,None -- not released,None,TBD,TBD,Low,Created in Product Expansion foundation pass (2026-07-25),,
FEAT-0239,Grace mode,25 Subscriptions and entitlements,"Restricted, non-destructive state when a subscription lapses.",Never silently delete user data on lapse.,DS-019,,Planned,Stage 5 -- Initial Commercial Release,Critical,Yes,Can Be Added Later Without Current Architectural Work,Windows;Web;iOS;Android,Customer,FEAT-0237,Low,Deterministic-Authoritative,TBD,TBD,"An account entering grace mode (lapsed subscription) retains read/exit-only access as defined, and cannot submit new automated or manual entry orders while in grace mode.",Not Yet Designed,None,None,None -- not released,None,TBD,TBD,Low,Created in Product Expansion foundation pass (2026-07-25),,
FEAT-0240,Cancellation and data export,25 Subscriptions and entitlements,Cancellation flow with guaranteed pre-deletion data export.,Preserve user trust and DS-DAT-004 alignment.,DS-019,DS-002,Planned,Stage 5 -- Initial Commercial Release,High,Yes,Can Be Added Later Without Current Architectural Work,Windows;Web;iOS;Android,Customer,FEAT-0237,Low,N/A,TBD,TBD,A canceled account can export its historical data in a documented format before account/data deletion per the account's data-retention policy.,Not Yet Designed,None,None,None -- not released,None,TBD,TBD,Low,Created in Product Expansion foundation pass (2026-07-25),,
FEAT-0241,Entitlement quota engine,25 Subscriptions and entitlements,"Enforces per-tier quotas (Sage usage, alerts, watchlists).",Technical foundation for tiered commercialization.,DS-019,DS-018,Planned,Stage 5 -- Initial Commercial Release,High,Yes,Groundwork Required Now,Windows;Web;iOS;Android,Customer,FEAT-0237;FEAT-0127,Low,N/A,TBD,TBD,"A request beyond an account's tier-configured quota (Sage usage, alerts, watchlists) is rejected with an explicit quota-exceeded response, consistent with FEAT-0127's Sage-specific instance.",Not Yet Designed,None,None,None -- not released,None,TBD,TBD,Low,Created in Product Expansion foundation pass (2026-07-25); Initial-release status repair (2026-07-26): reclassified Idea -> Planned. Reason: Entitlement quota engine is the technical foundation tiered commercialization depends on; without it no subscription tier boundary can be enforced at launch.,,
FEAT-0242,Existing security architecture (DS-008 baseline),26 Security and privacy,The already-approved DS-SCA-NNN protected-asset/control catalog.,"Anchor every expansion security feature to the existing, unaltered authority.",DS-008,,Designed,Stage 1 -- Local Technical Foundation,Critical,Yes,Can Be Added Later Without Current Architectural Work,Windows;Web;iOS;Android,Founder;Customer,,Low,Deterministic-Authoritative,TBD,TBD,Every control cataloged in DS-008's baseline that applies to the expansion surface is either implemented or explicitly tracked as a gap with an owner and target stage; no control is silently dropped.,"DS-008 (Security Architecture) -- an approved control catalog; no dedicated backend security module confirmed yet, so Designed rather than Implemented",None,None,None -- not released,None,TBD,TBD,High,Created in Product Expansion foundation pass (2026-07-25),,
FEAT-0243,Multi-factor authentication (see Accounts category),26 Security and privacy,Cross-reference to the Accounts-category MFA entry.,"Avoid duplicate primary ownership; DS-021 is primary, this entry documents the cross-link.",DS-021,,Planned,Stage 4 -- Customer Cloud Beta,Critical,Yes,Groundwork Required Now,Windows;Web;iOS;Android,Founder;Customer,,High,Deterministic-Authoritative,TBD,TBD,"Multi-factor authentication is enforceable per account policy and, where required, blocks authentication completion until the second factor is verified.",Not Yet Designed,None,None,None -- not released,None,TBD,TBD,Low,Created in Product Expansion foundation pass (2026-07-25),,
FEAT-0244,Device trust (see Accounts category),26 Security and privacy,Cross-reference to the Accounts-category device-trust entry.,Avoid duplicate primary ownership; DS-021 is primary.,DS-021,,Idea,Stage 4 -- Customer Cloud Beta,High,No,Groundwork Required Now,Windows;Web;iOS;Android,Founder;Customer,,Medium,Deterministic-Authoritative,TBD,TBD,"See FEAT-0008 (Device trust and revocation) for the authoritative acceptance criteria; this row is a cross-reference only, not an independent requirement.",Not Yet Designed,None,None,None -- not released,None,TBD,TBD,Low,Created in Product Expansion foundation pass (2026-07-25),,
FEAT-0245,Secret management for distributed clients,26 Security and privacy,No secret is ever embedded in a shipped customer client.,Extend the existing DS-SEC-001 no-embedded-secret principle to every new client surface.,DS-021,DS-002,Designed,Stage 4 -- Customer Cloud Beta,Critical,Yes,Groundwork Required Now,Windows;Web;iOS;Android,Founder;Customer,,High,Deterministic-Authoritative,TBD,TBD,A distributed client (mobile/web) never stores a Founder-private secret or credential in a form retrievable by inspecting the client build or its local storage.,DS-008 (Security Architecture) Section 26 (Mobile Control Security) / ARCHITECTURE.md Section 26; DS-021 skeleton,None,None,None -- not released,None,TBD,TBD,Medium,Created in Product Expansion foundation pass (2026-07-25),,
FEAT-0246,Founder-asset extraction resistance,26 Security and privacy,Code signing/attestation protecting Founder-only IP from customer-build extraction.,Protect the single highest-value asset class in the system.,DS-021,DS-015,Idea,Stage 4 -- Customer Cloud Beta,Critical,No,Groundwork Required Now,N/A,Founder,FEAT-0002,High,Deterministic-Authoritative,"N/A (security/build/deployment capability, not a user-visible client feature)",Build pipeline / deployment infrastructure,"Extraction-resistance controls prevent a Founder-private asset from being recoverable from a customer-distributed build artifact, verified by an automated scan of the built artifact, not by code review alone.",Not Yet Designed,None,None,None -- not released,None,TBD,TBD,Low,Created in Product Expansion foundation pass (2026-07-25),,
FEAT-0247,Incident and recovery center,27 Reliability and recovery,User/operator-facing surface for detecting and resolving operational incidents.,Support the Stage 5 'incident and recovery center' commitment.,DS-023,,Planned,Stage 5 -- Initial Commercial Release,Critical,Yes,Groundwork Required Now,Windows;Web;iOS;Android,Founder;Customer,FEAT-0249,High,Deterministic-Authoritative,TBD,TBD,"An incident is detectable from observability data (FEAT-0249) within a defined latency, and the incident/recovery center presents the affected scope (accounts/strategies/brokers) without requiring manual log correlation.",Not Yet Designed,None,None,None -- not released,None,TBD,TBD,Low,Created in Product Expansion foundation pass (2026-07-25),,
FEAT-0248,Backup and disaster recovery operations,27 Reliability and recovery,Operational backup/restore procedures built on DS-017's architecture.,Protect against data loss at the operational layer.,DS-023,DS-017,Planned,Stage 4 -- Customer Cloud Beta,Critical,Yes,Groundwork Required Now,Windows;Web;iOS;Android,Founder;Customer,,High,Deterministic-Authoritative,TBD,TBD,"A restore from the most recent backup recovers account/position/order state to a point no older than the configured recovery-point objective, verified by a periodic restore drill.",Not Yet Designed,None,None,None -- not released,None,TBD,TBD,Low,Created in Product Expansion foundation pass (2026-07-25); Initial-release status repair (2026-07-26): reclassified Idea -> Planned. Reason: Backup/disaster-recovery operations are a minimum operational bar for any commercial product handling real trading data and money.,,
FEAT-0249,"Observability (logging, metrics, tracing)",27 Reliability and recovery,Instrumentation sufficient to diagnose production issues without exposing private data.,Support production reliability at customer scale.,DS-023,,Planned,Stage 4 -- Customer Cloud Beta,High,Yes,Groundwork Required Now,Windows;Web;iOS;Android,Founder;Customer,,Medium,Informational,TBD,TBD,"Every production incident can be diagnosed from logs/metrics/traces alone, without requiring access to a customer's private trading data to do so.",Not Yet Designed,None,None,None -- not released,None,TBD,TBD,Low,Created in Product Expansion foundation pass (2026-07-25); Initial-release status repair (2026-07-26): reclassified Idea -> Planned. Reason: Production observability (logging/metrics/tracing) is required to safely operate and support a live-trading commercial product at Stage 4/5.,,
FEAT-0250,Service-level objectives,27 Reliability and recovery,Defined availability targets for customer-facing services.,Set and communicate a reliability bar.,DS-023,,Idea,Stage 5 -- Initial Commercial Release,Medium,No,Groundwork Required Now,Windows;Web;iOS;Android,Founder;Customer,,Low,N/A,TBD,TBD,TBD -- requirement not yet fully drafted,Not Yet Designed,None,None,None -- not released,None,TBD,TBD,Low,Created in Product Expansion foundation pass (2026-07-25),,
FEAT-0251,Cloud and model cost controls,27 Reliability and recovery,Technical guardrails against runaway cloud-hosting/Sage-model spend.,Protect commercial viability.,DS-023,DS-019;DS-018,Idea,Stage 4 -- Customer Cloud Beta,High,No,Groundwork Required Now,Windows;Web;iOS;Android,Founder;Customer,,Medium,N/A,TBD,TBD,TBD -- requirement not yet fully drafted,Not Yet Designed,None,None,None -- not released,None,TBD,TBD,Low,Created in Product Expansion foundation pass (2026-07-25),,
FEAT-0252,Design system extension,28 Design system and accessibility,Extend DS-007's existing design system to the full expansion feature surface.,Maintain visual/interaction consistency as the product grows.,DS-022,DS-007,Planned,Stage 5 -- Initial Commercial Release,High,Yes,Can Be Added Later Without Current Architectural Work,Windows;Web;iOS;Android,Founder;Customer,,Low,N/A,TBD,TBD,Every new UI surface added in the expansion feature set uses DS-007's existing design-system components/tokens rather than introducing parallel one-off styling.,Not Yet Designed,None,None,None -- not released,None,TBD,TBD,Low,"Created in Product Expansion foundation pass (2026-07-25); Initial-release status repair (2026-07-26): reclassified Idea -> Planned. Reason: Whatever UI ships at initial commercial release must use the existing DS-007 design system; this is a continuous requirement of shipping at all, not an optional extra.",,
FEAT-0253,Accessibility (WCAG 2.2 AA) extension,28 Design system and accessibility,Extend DS-007's existing accessibility commitment to new surfaces.,Preserve accessibility as scope grows; do not let expansion regress the existing baseline.,DS-022,DS-007,Planned,Stage 5 -- Initial Commercial Release,High,Yes,Can Be Added Later Without Current Architectural Work,Windows;Web;iOS;Android,Founder;Customer,,Low,N/A,TBD,TBD,Every new UI surface added in the expansion feature set passes the same WCAG 2.2 AA automated/manual checks DS-007 already applies to the Core surface.,Not Yet Designed,None,None,None -- not released,None,TBD,TBD,Low,Created in Product Expansion foundation pass (2026-07-25); Initial-release status repair (2026-07-26): reclassified Idea -> Planned. Reason: DS-007 already committed to a WCAG 2.2 AA baseline in the locked Core Codex; the expansion surface must not regress that commitment at launch.,,
FEAT-0254,Command palette,28 Design system and accessibility,Keyboard-driven command/search palette.,Power-user navigation efficiency.,DS-022,,Idea,Stage 6 -- Advanced Trading Expansion,Low,No,Can Be Added Later Without Current Architectural Work,Windows;Web;iOS;Android,Founder;Customer,,Low,N/A,TBD,TBD,TBD -- requirement not yet fully drafted,Not Yet Designed,None,None,None -- not released,None,TBD,TBD,Low,Created in Product Expansion foundation pass (2026-07-25),,
FEAT-0255,Progressive disclosure patterns,28 Design system and accessibility,UI patterns that reveal complexity only as needed.,Keep the product approachable despite growing feature depth.,DS-022,,Idea,Stage 5 -- Initial Commercial Release,Medium,No,Can Be Added Later Without Current Architectural Work,Windows;Web;iOS;Android,Founder;Customer,,Low,N/A,TBD,TBD,TBD -- requirement not yet fully drafted,Not Yet Designed,None,None,None -- not released,None,TBD,TBD,Low,Created in Product Expansion foundation pass (2026-07-25),,
FEAT-0256,Morning Brief,28 Design system and accessibility,"Daily summary surface (market context, portfolio state, watchlist highlights).",Support the Stage 5 'Morning Brief' commitment.,DS-022,DS-018;DS-002,Planned,Stage 5 -- Initial Commercial Release,High,Yes,Can Be Added Later Without Current Architectural Work,Windows;Web;iOS;Android,Founder;Customer,,Low,"Advisory (Sage, non-authoritative)",TBD,TBD,"Morning Brief content is generated from real, current account/market data at delivery time; if data is unavailable, the brief states so rather than presenting stale content as current.",Not Yet Designed,None,None,None -- not released,None,TBD,TBD,Low,Created in Product Expansion foundation pass (2026-07-25),,
FEAT-0257,Needs My Attention,28 Design system and accessibility,Prioritized surface of items requiring user action/review.,Support the Stage 5 'Needs My Attention' commitment.,DS-022,DS-002,Planned,Stage 5 -- Initial Commercial Release,High,Yes,Can Be Added Later Without Current Architectural Work,Windows;Web;iOS;Android,Founder;Customer,,Low,N/A,TBD,TBD,"Needs My Attention surfaces only items that reflect a real, current condition (e.g. an actual pending rejection or risk breach), not a static or cached list.",Not Yet Designed,None,None,None -- not released,None,TBD,TBD,Low,Created in Product Expansion foundation pass (2026-07-25),,
FEAT-0258,Customer account administration,29 Support and administration,"Plan changes, seat management, account-level administration for a customer.",See DS-019 for full detail.,DS-019,,Planned,Stage 5 -- Initial Commercial Release,Medium,Yes,Can Be Added Later Without Current Architectural Work,Windows;Web;iOS;Android,Customer,FEAT-0237,Low,N/A,TBD,TBD,"A customer can change plan tier or manage seats from account administration, with the change reflected in FEAT-0241's entitlement engine within one processing cycle.",Not Yet Designed,None,None,None -- not released,None,TBD,TBD,Low,"Created in Product Expansion foundation pass (2026-07-25); Initial-release status repair (2026-07-26): reclassified Idea -> Planned. Reason: Basic customer account administration (plan changes, cancellation) is required for any commercial subscription launch; overlaps FEAT-0240 (Cancellation and data export).",,
FEAT-0259,Diagnostics and self-check tooling,29 Support and administration,Self-check tooling for both Founder and customer deployments.,Reduce support burden; let a user/operator self-diagnose common issues.,DS-023,,Idea,Stage 4 -- Customer Cloud Beta,Medium,No,Groundwork Required Now,Windows;Web;iOS;Android,Founder;Customer,,Low,N/A,TBD,TBD,TBD -- requirement not yet fully drafted,Not Yet Designed,None,None,None -- not released,None,TBD,TBD,Low,Created in Product Expansion foundation pass (2026-07-25),,
FEAT-0260,Customer support intake,29 Support and administration,Structured support-request intake surface.,Operational support workflow.,DS-023,DS-022,Idea,Stage 5 -- Initial Commercial Release,Medium,No,Can Be Added Later Without Current Architectural Work,Windows;Web;iOS;Android,Customer,,Low,N/A,TBD,TBD,TBD -- requirement not yet fully drafted,Not Yet Designed,None,None,None -- not released,None,TBD,TBD,Low,Created in Product Expansion foundation pass (2026-07-25),,
FEAT-0261,Creator strategy versioning,30 Developer and creator ecosystem,Versioning model for strategies authored by ecosystem creators.,Groundwork for eventual strategy distribution.,DS-002,DS-022,Idea,Stage 8 -- Strategy Ecosystem and Private Collaboration,Low,No,Groundwork Required Now,Windows;Web;iOS;Android,Founder;Customer,,Medium,Deterministic-Authoritative,TBD,TBD,A creator's strategy version history is immutable once published; editing a published strategy creates a new version rather than silently altering the published one.,Not Yet Designed,None,None,None -- not released,None,TBD,TBD,Low,Created in Product Expansion foundation pass (2026-07-25),,
FEAT-0262,Marketplace ownership and versioning model,30 Developer and creator ecosystem,Ownership/versioning architecture a future marketplace would need.,"Groundwork Required Now per foundation instructions, even though the marketplace itself is long-term backlog.",DS-002,DS-022,Idea,"Stage 9 -- Marketplace, Global, and Institutional Expansion",Low,No,Groundwork Required Now,Windows;Web;iOS;Android,Founder;Customer,,Medium,N/A,TBD,TBD,TBD -- requirement not yet fully drafted,Not Yet Designed,None,None,None -- not released,None,TBD,TBD,Low,Created in Product Expansion foundation pass (2026-07-25),,
FEAT-0263,White-label SDK (explicitly excluded from initial release),30 Developer and creator ecosystem,SDK allowing a third party to white-label DarkSage capability.,Explicitly excluded from Stage 5; long-term backlog only.,DS-002,DS-022,Idea,"Stage 9 -- Marketplace, Global, and Institutional Expansion",Low,No,Decision Pending,Windows;Web;iOS;Android,Founder;Customer,,Low,N/A,TBD,TBD,TBD -- requirement not yet fully drafted,Not Yet Designed,None,None,None -- not released,None,TBD,TBD,Low,Created in Product Expansion foundation pass (2026-07-25),,
FEAT-0264,Regional commercial restrictions,31 Commercial and regional availability,Jurisdictions where DarkSage is not offered or is offered with restrictions.,See DS-019 for full detail.,DS-019,,Planned,Stage 5 -- Initial Commercial Release,High,Yes,Groundwork Required Now,Windows;Web;iOS;Android,Customer,,Medium,N/A,TBD,TBD,An account whose registered jurisdiction is on the restricted list cannot complete signup or is limited to the documented restricted feature set for that jurisdiction.,Not Yet Designed,None,None,None -- not released,None,TBD,TBD,Low,"Created in Product Expansion foundation pass (2026-07-25); Initial-release status repair (2026-07-26): reclassified Idea -> Planned. Reason: Even a single-region launch requires an explicit, enforced regional-availability decision for legal/compliance reasons; a minimal allowlist (not a full global compliance matrix) satisfies Stage 5.",,
FEAT-0265,Institutional routing (explicitly excluded from initial release),31 Commercial and regional availability,Institutional-grade order routing/connectivity.,Explicitly excluded from Stage 5; long-term backlog only.,DS-023,,Idea,"Stage 9 -- Marketplace, Global, and Institutional Expansion",Low,No,Decision Pending,Windows;Web;iOS;Android,Founder;Customer,,Low,N/A,TBD,TBD,TBD -- requirement not yet fully drafted,Not Yet Designed,None,None,None -- not released,None,TBD,TBD,Low,Created in Product Expansion foundation pass (2026-07-25),,
FEAT-0266,Public strategy/signal marketplace (long-term backlog),32 Future marketplace and institutional features,See Collaboration/Social category's marketplace entries.,Cross-reference for completeness under the 32-category feature order.,DS-022,,Idea,"Stage 9 -- Marketplace, Global, and Institutional Expansion",Low,No,Decision Pending,Windows;Web;iOS;Android,Founder;Customer,,High,Deterministic-Authoritative,TBD,TBD,"See FEAT-0225 (Public strategy marketplace) for the authoritative acceptance criteria; this row is a cross-reference only, not an independent requirement.",Not Yet Designed,None,None,None -- not released,None,TBD,TBD,Low,Created in Product Expansion foundation pass (2026-07-25),,
FEAT-0267,Global/institutional expansion features,32 Future marketplace and institutional features,Long-range institutional-market feature set.,"Year-5+ ambition, not currently scoped.",DS-023,,Idea,"Stage 9 -- Marketplace, Global, and Institutional Expansion",Low,No,Decision Pending,Windows;Web;iOS;Android,Founder;Customer,,Low,N/A,TBD,TBD,TBD -- requirement not yet fully drafted,Not Yet Designed,None,None,None -- not released,None,TBD,TBD,Low,Created in Product Expansion foundation pass (2026-07-25),,
FEAT-0268,Founder Sage Developer Mode,33 Founder developer tooling,"Founder-only, private, local-workstation AI coding/research assistant: repository inspection, code search/explanation, code and test generation, build/runtime/test failure diagnosis, migration/documentation generation, experimental indicator/strategy prototyping, sandboxed local tool execution, diff preparation, and Founder-review commit staging, with maintained task history/context and optional routing between local reasoning and coding models.","Give the Founder a private, sandboxed coding/research assistant without extending any trading authority, execution capability, or customer-facing surface.",DS-018,DS-015;DS-021;DS-023,Idea,Stage 3 -- Founder Workstation Beta,Medium,No,Groundwork Required Now,Windows;macOS;Linux,Founder,FEAT-0001;FEAT-0002;FEAT-0122;FEAT-0008;FEAT-0249;FEAT-0247;FEAT-0251,High,Deterministic-Authoritative,Founder desktop/workstation development environment (IDE/CLI integration) only -- not a customer-facing surface,Founder-local coding-assistant service (local models; optional reasoning/coding model routing),"Founder Sage Developer Mode can inspect/search/explain/generate code, tests, and diffs, and stage commits for Founder review, entirely within an explicit repository allowlist on the Founder's local workstation. It cannot push, merge, force-push, rewrite history, or delete a protected branch; cannot spend money or change production credentials; cannot disclose secrets; cannot alter security/privacy boundaries or any deterministic trading-safety control without explicit Founder approval and independent validation; and has no broker/order-submission authority merely because coding tools are available. Every action is logged, every change is recoverable via clean-diff rollback, and suggested/working-tree/staged/committed/pushed code states are always distinguishable to the Founder.",Not Yet Designed,None,None,None -- not released,None,Stage 1 (groundwork),Stage 3 (usable private version),Low,Created in audit repair pass (2026-07-26) per Founder Sage Developer Mode requirement.,,
FEAT-0269,Launch Gate System,34 Launch Readiness and Go-to-Market Operations,"Master readiness system for launch gates, readiness checklist items, and evidence tracking.","Track launch decision readiness, blocking checks, evidence locations, and rollback requirements.",DS-023,DS-019;DS-022,Planned,Stage 5 -- Initial Commercial Release,High,Yes,Groundwork Required Now,Windows;macOS;Linux;Web;iOS;Android,Founder;Customer,,High,N/A,N/A,DS-023,"A launch gate system is documented, with gate criteria, supporting artifacts, and approvers specified.",docs/launch/LAUNCH_GATE_MATRIX.csv,None -- not released,None -- not released,None -- not released,None,Stage 5,Stage 6,Low,Created in launch readiness foundation pass (2026-07-26).,,
FEAT-0270,Founder Alpha Readiness,34 Launch Readiness and Go-to-Market Operations,Private Founder-only readiness milestone for internal testing and safety validation.,Define the Founder-only alpha readiness criteria and private testing boundary.,DS-018,DS-015;DS-021,Planned,Stage 3 -- Founder Workstation Beta,Medium,No,Groundwork Required Now,Windows;macOS;Linux,Founder,FEAT-0269,High,Informational,N/A,DS-018,Founder-only alpha criteria are documented and the build is separated from customer-facing artifacts.,docs/launch/BETA_READINESS_CHECKLIST.md,None -- not released,None -- not released,None -- not released,None,Stage 3,Stage 4,Low,Created in launch readiness foundation pass (2026-07-26).,,
FEAT-0271,Customer Beta Readiness,34 Launch Readiness and Go-to-Market Operations,Customer-facing beta program readiness for early access and qualification.,"Define criteria for customer beta recruitment, onboarding, and feedback collection.",DS-022,DS-019;DS-023,Planned,Stage 4 -- Customer Cloud Beta,High,Yes,Groundwork Required Now,Web;iOS;Android,Customer,FEAT-0269,Medium,Informational,Docs/launch/BETA_READINESS_CHECKLIST.md,DS-022,Customer beta criteria and recruitment plan are documented.,docs/launch/BETA_READINESS_CHECKLIST.md,None -- not released,None -- not released,None -- not released,None,Stage 4,Stage 5,Low,Created in launch readiness foundation pass (2026-07-26).,,
FEAT-0272,Commercial Release Readiness,34 Launch Readiness and Go-to-Market Operations,"Validated release readiness for commercial availability, billing, and operations.",Define the commercial release gate and evidence requirements.,DS-019,DS-023,Planned,Stage 5 -- Initial Commercial Release,Critical,Yes,Groundwork Required Now,Windows;macOS;Linux;Web;iOS;Android,Founder;Customer,FEAT-0269;FEAT-0271;FEAT-0277,High,Informational,N/A,DS-019,Commercial release readiness criteria are documented and traceable.,docs/launch/COMMERCIAL_RELEASE_CHECKLIST.md,None -- not released,None -- not released,None -- not released,None,Stage 5,Stage 6,Low,Created in launch readiness foundation pass (2026-07-26).,,
FEAT-0273,Customer Discovery Program,34 Launch Readiness and Go-to-Market Operations,"Defined program for customer discovery, interviews, and problem validation.",Establish the customer discovery plan and segment hypotheses.,DS-022,DS-019,Planned,Stage 4 -- Customer Cloud Beta,High,No,Groundwork Required Now,N/A,Founder;Customer,FEAT-0269,Medium,Informational,N/A,DS-022,Customer discovery plan and validation hypotheses are documented.,docs/launch/CUSTOMER_VALIDATION_PLAN.md,None -- not released,None -- not released,None -- not released,None,Stage 4,Stage 5,Low,Created in launch readiness foundation pass (2026-07-26).,,
FEAT-0274,Waitlist and Early Access,34 Launch Readiness and Go-to-Market Operations,Waitlist and early access systems for onboarding and customer segmentation.,"Capture pre-launch customer engagement, consent, and early-access flows.",DS-022,DS-019,Planned,Stage 4 -- Customer Cloud Beta,Medium,No,Groundwork Required Now,Web,Customer,FEAT-0273,Medium,Informational,N/A,DS-022,Waitlist and early-access criteria are documented and consent flows are defined.,docs/launch/SAAS_LAUNCH_READINESS_CHECKLIST.md,None -- not released,None -- not released,None -- not released,None,Stage 4,Stage 5,Low,Created in launch readiness foundation pass (2026-07-26).,,
FEAT-0275,Product Analytics Event Taxonomy,34 Launch Readiness and Go-to-Market Operations,Defined event taxonomy for product analytics and activation tracking.,Ensure key customer signals are tracked and privacy-classified before launch.,DS-022,DS-019,Planned,Stage 5 -- Initial Commercial Release,High,Yes,Groundwork Required Now,N/A,Founder;Customer,FEAT-0274,Medium,Informational,N/A,DS-022,Analytics event taxonomy is documented with privacy requirements.,docs/launch/PRODUCT_ANALYTICS_EVENT_REGISTER.csv,None -- not released,None -- not released,None -- not released,None,Stage 4,Stage 5,Low,Created in launch readiness foundation pass (2026-07-26).,,
FEAT-0276,Transactional Email System,34 Launch Readiness and Go-to-Market Operations,Transactional email templates and delivery readiness for customer notifications.,"Define the email notifications required for authentication, billing, support, and operations.",DS-019,DS-022,Planned,Stage 5 -- Initial Commercial Release,High,Yes,Groundwork Required Now,N/A,Founder;Customer,FEAT-0274,High,Informational,N/A,DS-019,Transactional email register is documented and sensitive fields are prohibited.,docs/launch/TRANSACTIONAL_EMAIL_REGISTER.csv,None -- not released,None -- not released,None -- not released,None,Stage 4,Stage 5,Low,Created in launch readiness foundation pass (2026-07-26).,,
FEAT-0277,Billing Scenario Test Matrix,34 Launch Readiness and Go-to-Market Operations,"Controlled billing test scenarios covering payment, subscriptions, and entitlement lifecycle edge cases.",Ensure billing and entitlement behavior is validated before commercial release.,DS-019,DS-023,Planned,Stage 5 -- Initial Commercial Release,Critical,Yes,Groundwork Required Now,N/A,Founder;Customer,,High,Informational,N/A,DS-019,"Billing test scenarios are documented for declined payment, webhook flows, refunds, and entitlement changes.",docs/launch/BILLING_TEST_MATRIX.csv,None -- not released,None -- not released,None -- not released,None,Stage 5,Stage 5,Low,Created in launch readiness foundation pass (2026-07-26).,,
FEAT-0278,Legal Artifact Inventory,34 Launch Readiness and Go-to-Market Operations,Inventory of required legal and policy artifacts for launch readiness.,"Track legal artifacts, review responsibility, required stage, and evidence paths.",DS-021,DS-023,Planned,Stage 5 -- Initial Commercial Release,High,Yes,Groundwork Required Now,N/A,Founder;Customer,FEAT-0269,High,Informational,N/A,DS-021,Legal artifact register is documented and review requirements are specified.,docs/launch/LEGAL_AND_POLICY_ARTIFACT_REGISTER.csv,None -- not released,None -- not released,None -- not released,None,Stage 4,Stage 5,Low,Created in launch readiness foundation pass (2026-07-26).,,
FEAT-0279,Support Operations,34 Launch Readiness and Go-to-Market Operations,"Support operations plan for launch, incident response, and ongoing customer support.","Define support channels, severity levels, escalation, diagnostics, and incident communications.",DS-023,DS-022,Planned,Stage 5 -- Initial Commercial Release,Medium,Yes,Groundwork Required Now,N/A,Founder;Customer,FEAT-0269,Medium,Informational,N/A,DS-023,Support operations plan is documented for launch and early operations.,docs/launch/SUPPORT_OPERATIONS_PLAN.md,None -- not released,None -- not released,None -- not released,None,Stage 5,Stage 6,Low,Created in launch readiness foundation pass (2026-07-26).,,
FEAT-0280,Launch-Day Runbook,34 Launch Readiness and Go-to-Market Operations,"Operational runbook for launch day validation, monitoring, and go/no-go decisions.","Ensure launch day has defined checks, rollback readiness, and communications.",DS-023,DS-021,Planned,Stage 5 -- Initial Commercial Release,Critical,Yes,Groundwork Required Now,N/A,Founder;Customer,FEAT-0272;FEAT-0279,High,Informational,N/A,DS-023,"Launch-Day runbook is documented with go/no-go criteria, monitoring, and authority.",docs/launch/LAUNCH_DAY_RUNBOOK.md,None -- not released,None -- not released,None -- not released,None,Stage 5,Stage 5,Low,Created in launch readiness foundation pass (2026-07-26).,,
FEAT-0281,Commercial Rollback Plan,34 Launch Readiness and Go-to-Market Operations,"Defined rollback plan for release halt conditions, feature-flag shutdown, and recovery.","Ensure rollback actions are documented, safe, and communicated.",DS-023,DS-019,Planned,Stage 5 -- Initial Commercial Release,Critical,Yes,Groundwork Required Now,N/A,Founder;Customer,FEAT-0272;FEAT-0279,High,Informational,N/A,DS-023,"Rollback plan is documented with triggers, rollbacks, and post-rollback validation.",docs/launch/RELEASE_ROLLBACK_RUNBOOK.md,None -- not released,None -- not released,None -- not released,None,Stage 5,Stage 6,Low,Created in launch readiness foundation pass (2026-07-26).,,
FEAT-0282,Post-Launch 90-Day Review,34 Launch Readiness and Go-to-Market Operations,Post-launch stabilization and review plan for the first 90 days after launch.,"Track the first 90 days of launch performance, incidents, and product adoption.",DS-023,DS-022,Planned,Stage 6 -- Advanced Trading Expansion,Medium,No,Groundwork Required Now,N/A,Founder;Customer,FEAT-0280;FEAT-0281,Medium,Informational,N/A,DS-023,Post-launch 90-day checkpoint plan is documented with operational metrics and review milestones.,docs/launch/POST_LAUNCH_90_DAY_PLAN.md,None -- not released,None -- not released,None -- not released,None,Stage 6,Stage 7,Low,Created in launch readiness foundation pass (2026-07-26).,,
FEAT-0283,Customer Feedback and Churn Analysis,34 Launch Readiness and Go-to-Market Operations,Customer feedback and churn analysis plan for early operations.,"Capture customer feedback, abandonment reasons, and churn drivers.",DS-022,DS-023,Planned,Stage 6 -- Advanced Trading Expansion,Medium,No,Groundwork Required Now,N/A,Founder;Customer,FEAT-0282,Medium,Informational,N/A,DS-022,Feedback and churn analysis plan is documented for post-launch learning.,docs/launch/CUSTOMER_VALIDATION_PLAN.md,None -- not released,None -- not released,None -- not released,None,Stage 6,Stage 7,Low,Created in launch readiness foundation pass (2026-07-26).,,
FEAT-0284,Status Page,34 Launch Readiness and Go-to-Market Operations,External status page readiness for customer-facing incident communication.,Provide transparent service status and incident communication to customers.,DS-023,DS-021,Planned,Stage 5 -- Initial Commercial Release,Medium,No,Groundwork Required Now,Web,Founder;Customer,FEAT-0279,Medium,Informational,N/A,DS-023,Status page readiness is documented and linked to incident response procedures.,docs/launch/SUPPORT_OPERATIONS_PLAN.md,None -- not released,None -- not released,None -- not released,None,Stage 5,Stage 5,Low,Created in launch readiness foundation pass (2026-07-26).,,
FEAT-0285,Help Center and Knowledge Base,34 Launch Readiness and Go-to-Market Operations,Help center and knowledge base readiness for launch support.,"Provide support documentation, FAQs, and operational guidance.",DS-023,DS-022,Planned,Stage 5 -- Initial Commercial Release,Medium,No,Groundwork Required Now,Web,Founder;Customer,FEAT-0279,Medium,Informational,N/A,DS-023,Help center readiness is documented with support content and escalation paths.,docs/launch/SUPPORT_OPERATIONS_PLAN.md,None -- not released,None -- not released,None -- not released,None,Stage 5,Stage 6,Low,Created in launch readiness foundation pass (2026-07-26).,,
FEAT-0286,Beta Recruitment and Qualification,34 Launch Readiness and Go-to-Market Operations,Beta candidate recruitment and qualification criteria for early access programs.,"Define beta applicant segmentation, qualification, and onboarding.",DS-022,DS-019,Planned,Stage 4 -- Customer Cloud Beta,Medium,No,Groundwork Required Now,N/A,Founder;Customer,FEAT-0273,Medium,Informational,N/A,DS-022,Beta recruitment criteria are documented and customer segments are defined.,docs/launch/CUSTOMER_VALIDATION_PLAN.md,None -- not released,None -- not released,None -- not released,None,Stage 4,Stage 5,Low,Created in launch readiness foundation pass (2026-07-26).,,
FEAT-0287,Demo and Screenshot Package,34 Launch Readiness and Go-to-Market Operations,Launch demo and screenshot package for marketing and customer onboarding.,"Capture marketing artifact readiness, demo flows, and screenshot requirements.",DS-022,DS-019,Planned,Stage 5 -- Initial Commercial Release,Low,No,Groundwork Required Now,N/A,Founder;Customer,FEAT-0273,Low,Informational,N/A,DS-022,Demo and screenshot requirements are documented for launch communications.,docs/launch/SAAS_LAUNCH_READINESS_CHECKLIST.md,None -- not released,None -- not released,None -- not released,None,Stage 4,Stage 5,Low,Created in launch readiness foundation pass (2026-07-26).,,
FEAT-0288,Pricing Validation,34 Launch Readiness and Go-to-Market Operations,Pricing validation and willingness-to-pay testing for the launch offering.,"Capture pricing feedback, entry criteria, and scope decision rules.",DS-019,DS-022,Planned,Stage 5 -- Initial Commercial Release,Medium,No,Groundwork Required Now,N/A,Founder;Customer,FEAT-0274;FEAT-0277,Medium,Informational,N/A,DS-019,Pricing validation criteria are documented and aligned with beta/customer feedback.,docs/launch/CUSTOMER_VALIDATION_PLAN.md,None -- not released,None -- not released,None -- not released,None,Stage 5,Stage 6,Low,Created in launch readiness foundation pass (2026-07-26).,,
